Optimization Parameter,Received Level Indicator,Handover Decision
0.92876474695688338,74.910210433839922,1
0.15906761547507142,44.941328952527293,0
0.28915705126205321,86.2560561328456,1
0.055354247361120885,33.883539835868184,0
0.80654021436653112,52.138285828818695,1
0.88169924955894208,71.928733713891702,1
0.06227529377782498,66.086252390447186,1
0.11643926245925913,99.468415276831209,1
0.65655557702135092,72.958299784436036,1
0.1014447701635979,98.225213958986672,1
0.71171008688942994,71.143035064983664,1
0.0099033718043488317,44.596991569081787,0
0.41637301557528461,98.127277380846095,1
0.2515093988047491,11.846571141782483,0
0.053211799381865092,33.071221100665262,0
0.28013038881129138,15.144475137416494,0
0.33193634559024887,85.416033531267203,1
0.87275560008024589,40.337054869317008,0
0.44881188610978978,18.136984723683906,0
0.28302250955394587,75.931807316807948,1
0.85885573591052355,78.835344816947057,1
0.85640338429082341,57.167977586932473,1
0.22199303574021581,3.6951685807179517,0
0.046983361266079993,64.935279900643636,1
0.67249290117644378,58.819007248999085,1
0.71054833927682992,18.593822568000213,0
0.063759003795571159,59.757679216450867,1
0.47314590889641361,16.329082202319558,0
0.42884574384840474,61.041686013826023,1
0.27616834373966248,56.135323250729272,1
0.6637787500693364,12.945241533659976,0
0.70674456223228233,25.585743796818772,0
0.19595993133073669,49.856587569162528,0
0.39667274914526973,87.889488454856661,1
0.58632460776079665,35.768263570856426,0
0.57205835383946935,58.475297996064327,1
0.94333419853045331,61.787470132944854,1
0.62010524404240086,10.8836620631086,0
0.21708294666236402,51.308455435237136,1
0.41210500030410707,24.874011112784043,0
0.57504772561371686,82.712438973929935,1
0.47961834840458739,94.558163590057831,1
0.39055458101935431,5.0843192288113386,0
0.52153278632160871,40.153970727768709,0
0.67786021608759661,79.665178423591513,1
0.32653765302455873,11.8334383758872,0
0.84598783536161659,51.754892269035288,1
0.44474365676042793,80.66391725124042,1
0.18457241597798299,10.859534196024544,0
0.16191232584505916,26.046047790928768,0
0.55925222139770736,35.208503126729511,0
0.49312050942942526,87.640198034998122,1
0.688083742134312,62.345405138258549,1
0.39224158711370155,40.435461998188615,0
0.98809803556096654,96.368367316372854,1
0.63149486278719025,53.415886430729131,1
0.60803241264449082,20.075931595673751,0
0.16182328488762643,76.394910633747898,1
0.69263021400786484,3.6006830183792311,0
0.16679489899743111,32.186744982463658,0
0.62622920266642668,3.4209214632496807,0
0.95427032837377412,42.140897802142845,0
0.62069360614786562,99.743852717682643,1
0.94932626092309425,32.646733444485221,0
0.93649001463152937,58.767591211370927,1
0.069054895112782205,60.562216053047315,1
0.69165203566274236,59.576338371064672,1
0.99519002483933705,15.874747473688213,0
0.068807902777943714,45.442198890001606,0
0.47036744256986651,46.560727174654943,0
0.46141624425603833,2.2817211236253945,0
0.48886924772005025,42.544643088497516,0
0.4781638837783429,50.039466260950761,1
0.13309447799487714,91.889165990002994,1
0.81212793980358533,43.428427885951677,0
0.015874791897775041,80.762742590514364,1
0.79414718774806115,23.178448166315651,0
0.60178331267171692,17.213607354654748,0
0.090988096823444636,23.694331163398143,0
0.30623863232612547,95.269350519063579,1
0.91974173901590595,9.9407640332080263,0
0.7442110612728684,95.530681310003004,1
0.84160777220577365,90.182746243748241,1
0.014161186765023129,0.70659597437204602,0
0.75758541270978075,73.803141328414497,1
0.093963066625391625,23.72607729571223,0
0.64181109035471973,91.899559177411518,1
0.55891094755330628,61.629552841945348,1
0.078946145753816768,84.787168439844237,1
0.1793996846207416,17.049942080420415,0
0.58376545625914145,34.602334738989512,0
0.61439958196803912,21.377413683281006,0
0.90191774903885913,53.160809610579541,1
0.737271250103261,31.790048550716627,0
0.95345991894298232,80.085767470340144,1
0.014938740066689785,7.5404300855195281,0
0.32008447326723694,65.974220245133253,1
0.28719659954644583,91.324857711477605,1
0.96883556804099846,21.939206506097321,0
0.32243747977653403,20.672260420709971,0
0.38680890872460272,9.7328934398167277,0
0.80740042999731398,97.902696485585864,1
0.50619833241505474,67.53728998244614,1
0.99232734972253789,4.5766786693486754,0
0.20238395743183044,46.717255677430543,0
0.76916170575151299,30.078856567888916,0
0.35342336509070515,98.649707948160227,1
0.056414847288473902,16.433837738090119,0
0.035108640806334392,7.0926032062119821,0
0.05382086804780218,56.732927941127173,1
0.103199065245315,46.668957800915912,0
0.6517375999371231,75.384214322727274,1
0.82490122077283501,11.481752903890682,0
0.73821055690674597,10.482993168049955,0
0.87666175415583969,5.4102097197483339,0
0.29394759810247811,37.728130834981862,0
0.96694943540121869,51.916078828236124,1
0.53536866164550589,94.109627601741636,1
0.0051110247173863574,90.099242511251589,1
0.97968886605449435,63.077177788632547,1
0.38127093547083013,2.0612458242388656,0
0.43358567982613372,27.452083782969083,0
0.87172140361355688,2.1630533049642358,0
0.54436896533908741,20.920045404192081,0
0.032031082563116722,34.640463830270093,0
0.022755953493880085,45.93103716426112,0
0.62941619736580934,59.802912715730685,1
0.075540132855782344,60.301290713390934,1
0.8379301996146935,9.2864924153715798,0
0.78078025150149144,57.368698556613509,1
0.95716641003134029,9.5853396736017142,0
0.0080389422401967187,11.050223098625533,0
0.2109961859933083,21.289798953239714,0
0.17651007099845917,60.476327110303721,1
0.25629742874591493,59.08849325919919,1
0.0030620736084236173,46.427113677573914,0
0.0049957898468690875,96.423995632875716,1
0.98094601742035992,75.97147839887603,1
0.52637449909298428,77.620625578621699,1
0.69854099894805854,37.856932002053099,0
0.61456158506430758,93.656017581772062,1
0.76687496843136616,86.759442597049969,1
0.65951728618681305,50.702894176683813,1
0.63542427524711209,57.579407821213543,1
0.37107251136148001,61.569845239431523,1
0.043889391256444803,64.899884706782117,1
0.7236226688714803,92.619572297027133,1
0.57151596135064775,46.876242033613956,0
0.48999858949799024,40.629369272212209,0
0.57809358070515726,1.8810911578503862,0
0.15499089991440573,93.205486141706572,1
0.046055836624491885,6.0446147835089894,0
0.91840666435584739,66.080782872662311,1
0.19717740835490516,96.070222089099801,1
0.52222651500358552,6.1037665261438887,0
0.86004004900345576,69.310360108181072,1
0.99222338199253346,29.838114851079002,0
0.89196302084809309,22.249139390070521,0
0.4128572891526191,89.245878806917872,1
0.55485107868670069,38.207948737874602,0
0.60994437458456696,33.510364281716924,0
0.086924828163778792,94.558694863020762,1
0.47984562790014113,76.546811767177104,1
0.22265370945569765,14.089482191060428,0
0.019271851526234229,90.200860141870038,1
0.058564044096769782,28.58891344097858,0
0.93868202526992284,42.879871159270344,0
0.81994573856701414,82.802809580603068,1
0.66820621195631391,54.18043497678844,1
0.1057065488331516,60.996623877900014,1
0.70257515865497999,18.069151424835042,0
0.8822799720253236,47.948982961452089,0
0.78556633125318509,1.3329372281827672,0
0.026759940677676321,75.43229697059482,1
0.90615184787015979,69.410715377615162,1
0.85893351578104005,9.5599731940589727,0
0.74469472549143001,8.4251334464294523,0
0.012178341398098666,68.138387784426286,1
0.018834928525069228,55.864372083854107,1
0.12501613335917525,14.615336765821715,0
0.39965023165552421,92.14434343955682,1
0.69980188631443396,57.030328669133745,1
0.087339421309223134,91.365394411313062,1
0.78183870938692179,36.31886659949965,0
0.1119093779064293,86.091447335710498,1
0.38955371286233592,22.925207728019547,0
0.03966284824519551,61.349045700090485,1
0.93411081420914777,60.045441314599216,1
0.83732174469033338,86.656301043301966,1
0.32451634776057503,14.625681198493428,0
0.13823903079062655,38.339049806044926,0
0.64410090197068681,40.385942133323262,0
0.6652943476407297,60.210079774358348,1
0.50810767640737242,76.571737870840224,1
0.41198395211807637,21.428324850941227,0
0.45855769769221438,97.922511304692605,1
0.83647497968584061,63.498357992385678,1
0.16902778026136933,84.990285283415716,1
0.3172475836785732,98.013888577937095,1
0.19425329388783,81.511037275898758,1
0.56003496030347188,50.757782045173357,1
0.86042833228615501,21.898073340718668,0
0.40918637458662799,19.539767745667959,0
0.048765014414100451,59.359725778624281,1
0.58911161338403428,19.888614546455731,0
0.67944682281438584,46.275104138196959,0
0.45675250676309342,63.938116731093317,1
0.079278994854203894,44.206651460475591,0
0.81191096213269554,78.75405642145968,1
0.19426275472820864,97.411871700273764,1
0.01327666501201534,14.090885694181027,0
0.25515862100532216,45.094323644924131,0
0.0029750023982371213,0.086530717130066229,0
0.54321762805023122,85.867464023580524,1
0.74467844317885046,81.05945069392186,1
0.6618781274472727,18.568800631244109,0
0.85832209319729458,81.942036692957416,1
0.99810698535205189,18.410281193633697,0
0.21596021401507789,64.331695141425215,1
0.22800241933576876,3.6661776265437611,0
0.17447369320992087,37.936177914001128,0
0.93342200616999627,2.3657699126590837,0
0.61494922061215584,45.155082850323566,0
0.21477465388121766,71.760778162517013,1
0.83398577423486198,79.890756532498983,1
0.23945041710485257,44.316028125731286,0
0.19484709165750402,79.506948767000324,1
0.73287926974374762,50.188658316707546,1
0.20780328903710624,54.987884664436748,1
0.81377555188433059,12.570051994440171,0
0.64863870555937231,67.072433637023181,1
0.86392137448486006,92.654096704280974,1
0.37403308850435218,37.411849264712934,0
0.80950592030282409,36.600252956431476,0
0.40451438743831331,67.330967573137471,1
0.31572001721510662,30.632933429737079,0
0.47712153591081574,98.165405307973458,1
0.65967011109910445,7.5557242648469858,0
0.89057719283298453,93.087994397193185,1
0.29921833625958222,96.257751479864936,1
0.040291220899806926,17.454966305501276,0
0.65618696559974321,53.433083488341929,1
0.49834188562740661,63.20717398226595,1
0.22973119943855852,9.2268963853022541,0
0.76447547774970326,53.93545392618303,1
0.9317413735816914,77.726578748657644,1
0.50609028688915558,85.945174603697467,1
0.80549564343201729,96.527916191391611,1
0.44687428718752892,61.614476079873029,1
0.54499474426032735,72.666678332102791,1
0.088627276517742909,55.863643370505258,1
0.0025412808184238529,71.130671524969245,1
0.93196320158055201,50.552896433767344,1
0.42530362327830101,7.7996438405474846,0
0.88614028081583807,35.969967178986394,0
0.47238377224299299,35.406008798352445,0
0.68789873909573007,51.410798193612507,1
0.61285240045415812,21.029443303602488,0
0.41853603647022325,33.516495504191376,0
0.11739938944457071,13.153839489982388,0
0.76580308134006481,85.238808246906288,1
0.086502057540464236,84.008108258251141,1
0.24275496427098053,98.268450237004302,1
0.97843133331203425,49.5418975360421,0
0.50671888259552367,42.425978296634732,0
0.5341723153992427,83.410491507225899,1
0.80130761945681073,57.716021061742687,1
0.33165984709358765,20.705010192797058,0
0.89106310340159722,9.7578870643665496,0
0.0080789080858598029,78.220819904571783,1
0.57320136137921429,79.528070045415348,1
0.28273253295697853,88.568140793856301,1
0.64742322342815961,24.211615707823828,0
0.24625201395072602,75.759846985228279,1
0.95748280731843916,41.354260100682389,0
0.41049512168881258,19.151022387273152,0
0.71233262899906036,17.449558720667639,0
0.74733418261042528,44.560713341720735,0
0.31909134300383335,96.820186542729004,1
0.56875223646347983,1.8838241705129968,0
0.61432833811935428,1.6378771986988734,0
0.27802078531962854,69.533886699720242,1
0.5603376219795726,59.441261067726302,1
0.29274765276012366,20.979993939856065,0
0.10758147160875679,12.179332837545934,0
0.98047000634505876,75.939664140315571,1
0.17935206283785032,37.012011575052526,0
0.60878541907704686,85.653842792685069,1
0.84135816657978957,70.670570652312875,1
0.60280953422319583,41.984168925315217,0
0.2792712777290825,71.236479268985093,1
0.71507073832446277,19.389901924594259,0
0.8608164665572422,74.235342756954651,1
0.73405716136752497,29.871110399193647,0
0.43752479247633591,47.918714977762995,0
0.69842631262653798,45.103631422437559,0
0.56733316908000653,16.857272766929711,0
0.2018339378767805,22.299389504966975,0
0.85839409979916836,2.9635324622334598,0
0.080900927577587281,70.188979650935607,1
0.66180993274869859,3.9539707377338646,0
0.5438618909306181,68.680087089855263,1
0.062237191974295857,2.0485511990490144,0
0.30000002416782084,10.040618856456419,0
0.52681120463032793,11.591622192222449,0
0.20394184682701799,65.061962169158249,1
0.96398177042788913,64.161558153182995,1
0.63307880546575357,15.54834629201719,0
0.21056129932895362,90.375782172370606,1
0.45770971032684188,72.710146323177099,1
0.39429253637524908,87.465885881085825,1
0.39144003409493716,93.265303360887472,1
0.099535864358551732,89.927227417904518,1
0.069112127213325408,56.752207436017784,1
0.34350377150974409,26.788776426943379,0
0.38965407637397481,91.6061617394938,1
0.24760355672221795,47.297783031732678,0
0.33839414331055906,39.036662056593535,0
0.89179185167504094,34.565110241326089,0
0.35807825967579998,22.131037117043061,0
0.56340826142738032,20.264980998013627,0
0.93535633615001867,53.394167336353185,1
0.95770422087875395,13.484030921703219,0
0.2610770106600025,92.131816266165956,1
0.59435985451301554,40.607480025201795,0
0.8991678356654792,31.381402970934939,0
0.27239732503536962,18.184186945755123,0
0.21629997306331059,35.364727506118228,0
0.74975195329159128,8.1078971773888444,0
0.69427860374296024,74.049310793191808,1
0.46766501174665287,4.5852425995214112,0
0.64172370156353509,45.025217833474848,0
0.38836127211729121,18.790047531384065,0
0.043288599719893468,55.149549224949233,1
0.98473823721741249,49.555291305089035,0
0.7578096463148527,50.672561372943484,1
0.53738995061134454,91.289992486727428,1
0.10903724427755794,58.896457291625651,1
0.7275770035235104,38.669821963957432,0
0.23697748232492127,88.054543495203617,1
0.32712523887265715,99.388973274915003,1
0.30473831496422099,73.685960366244402,1
0.39935875469788851,2.259020741218245,0
0.67361597655043748,46.371788320304731,0
0.70646299361552256,52.353369608686009,1
0.030830131858042502,16.202613812034304,0
0.17330338860550121,71.005229265897171,1
0.84888271933835124,17.186391966969889,0
0.51689788862918407,50.28141906963728,1
0.79810303393663051,71.769137294855497,1
0.23890514636361279,27.879493324029951,0
0.70644296971449771,18.699199156229941,0
0.77440218756646018,37.756642949654093,0
0.75898054836270423,18.607633197031745,0
0.38491142512527826,20.632208055179664,0
0.65520783404596517,7.8066810536229418,0
0.068884682408014625,74.485723150188903,1
0.81548985224938475,93.794675541014726,1
0.071118178344852373,28.322344193385142,0
0.13638858224097108,28.290172400088132,0
0.7292752828119673,92.967822073478175,1
0.10185588947583731,89.193442039747467,1
0.74180362035604364,49.34473240251873,0
0.36917489132339826,72.239847235493286,1
0.35112486935738701,35.567928960345654,0
0.90182036529379916,89.487949288211738,1
0.23963686974702259,57.68698382083651,1
0.45137076799355946,18.849766775430073,0
0.080301946532121832,63.481536537167408,1
0.34184580172498047,40.238959174714502,0
0.96186849426565157,12.378312280577752,0
0.42294499670292485,43.655958605770003,0
0.2569628717643036,77.498574265045377,1
0.18537672617723081,62.663686071831584,1
0.88571809273479418,26.398459368570919,0
0.78906607571480147,83.353453866836361,1
0.21499139918712498,36.044613800963674,0
0.018241527964473481,58.536049890581545,1
0.15390511003970406,68.318443730621809,1
0.28083780560681493,4.0998833738732543,0
0.067398646877798549,76.905807516028077,1
0.55906921884001659,27.636104415932717,0
0.80006918581205844,76.280594326686384,1
0.47948848618170642,76.298725593974211,1
0.52681057924721886,10.54054080068159,0
0.54869237055475473,87.267191376195839,1
0.99685459723549641,13.52157369885667,0
0.57089156684041564,97.456388686530474,1
0.49524654517660222,60.868478315355482,1
0.16515046179534423,68.381139435051537,1
0.81810484911226888,88.819902990395164,1
0.96109559571421499,13.367716881152111,0
0.71217621523522601,54.564945844265146,1
0.7304480456423238,64.0303110536329,1
0.57437878408207499,58.422406743477282,1
0.053901376227802306,92.043026067336569,1
0.67139113725693489,7.0843877303807004,0
0.67304584508437937,88.151833316381939,1
0.67862548431317582,65.851485154522337,1
0.65910992057021234,66.043502355945989,1
0.93144096384357711,72.82793189996292,1
0.19051442676713432,97.597067522628734,1
0.13913852821064113,50.124363624548707,1
0.40179437790149564,95.810939043672263,1
0.94452506999695907,63.285143889153908,1
0.33413345009746659,78.089578812052295,1
0.51551094163000166,19.23959754371997,0
0.59915917301511357,6.8220865013180703,0
0.58807827652808198,83.159360747392924,1
0.59376081432856653,33.800642021838875,0
0.8739046104596484,71.478799530993584,1
0.44183717409234363,95.738497001928508,1
0.76919111412446528,79.505508988865429,1
0.4908957586115672,48.501498461003187,0
0.64684634080475489,54.644990551585792,1
0.18356200502419937,12.661844171891849,0
0.07614996986284385,85.254348481658084,1
0.69834931227301678,15.68913725935348,0
0.87329917953968939,53.931052355994957,1
0.19196947207300433,43.091713098386172,0
0.42422044576342238,87.303194584000479,1
0.047913732960780026,28.61098718299111,0
0.64861584531544514,28.651221668650965,0
0.41082585016769629,75.006376847162088,1
0.32175670253194716,76.489945443575252,1
0.66513070169143873,85.170332801141939,1
0.57783388792436285,65.415434476647263,1
0.37207249010543919,42.234120211673023,0
0.28858397588533535,23.088270483113952,0
0.44562009696179072,53.696963681698293,1
0.84868598303230758,86.531682399349137,1
0.37986085860983509,32.145065549828608,0
0.62116695969419877,95.309158039888914,1
0.61019176412848375,49.297970742591644,0
0.50994270737745928,60.708289295764772,1
0.24218193918568173,35.18518937527444,0
0.57477830237465832,29.892801088231057,0
0.083078898993823161,30.705538918592751,0
0.67992604788389344,51.708678459612969,1
0.67758870715163122,23.340109746595896,0
0.77224511037219556,12.357002549039667,0
0.84141841709679854,71.933614589243007,1
0.88260401407377986,92.566453801731782,1
0.64389045706199965,86.691184102879461,1
0.18731217095037558,15.565716296232173,0
0.12993790774137615,86.641540930905165,1
0.84378425723117978,48.201128443796712,0
0.1636575489135727,59.242459041645034,1
0.88009112928066924,69.160982020739922,1
0.88624822575889906,17.39303298173148,0
0.24705323960960529,22.379811863591804,0
0.37497991387498564,28.741249688314856,0
0.54183511507782856,62.277911306488285,1
0.048553281486292038,3.5001940110233583,0
0.27760743269585419,74.812131922138917,1
0.67501215388766123,92.92703899225549,1
0.24744342837829303,78.170075397086364,1
0.044571988305343313,12.140744790500376,0
0.49497693939831899,7.7420467546871148,0
0.20579806026341305,84.799884718283963,1
0.31662460198468745,50.96855566416334,1
0.28515047593282095,52.404900292123159,1
0.69159209713879599,58.837661174516029,1
0.84571360091013537,90.849049664497855,1
0.99977711215604892,25.392400671445021,0
0.70078084976448718,2.374199173587467,0
0.031655104845601648,2.7347140026906103,0
0.62338243221090284,18.853816864478318,0
0.76100041287066433,13.393911725559231,0
0.11474371473991485,49.761363374889534,0
0.39234241768361183,9.9014008463832557,0
0.12844025163372991,69.530920809847728,1
0.061860511108236628,68.961019613296273,1
0.27856640670381783,86.559747106656317,1
0.096696215726759391,17.32977196449869,0
0.61477407329472433,50.784986443251832,1
0.43267151733519116,91.019185255756213,1
0.59446593494828137,18.896867576472864,0
0.99653357779445761,73.984199144870132,1
0.52435027832367931,75.512778607901538,1
0.4327006300132259,39.948863228759201,0
0.20544285755857958,87.810698704705899,1
0.34413129992044128,81.475776285620299,1
0.63372032420417312,93.748889953712407,1
0.37593452044573356,33.148513144416974,0
0.27060418216074078,4.4489575570677209,0
0.73629661637185917,93.723136183676843,1
0.047498390566324065,30.545024820857225,0
0.70232164147418064,91.982825655482159,1
0.55350791688706158,80.755912084484422,1
0.64614403929847486,74.28684894660806,1
0.39070245641782064,53.618501431131037,1
0.66153553019349254,42.765596202931178,0
0.61375382664322564,36.056439269360361,0
0.005748001395607368,60.665945597303072,1
0.12547653872774753,88.418639725269117,1
0.52077862598038216,72.63668522827173,1
0.047686315629485207,46.390678475792832,0
0.88133142650189411,53.728521733418354,1
0.15264773562208178,55.049260032851834,1
0.12913372140803081,35.045570477398847,0
0.10903013642366516,46.9502872540384,0
0.93477878623398891,82.706023465239454,1
0.40136380279500217,72.143357560105329,1
0.13410512690157869,90.486783483292342,1
0.11370003694375047,95.652091361420261,1
0.2469951139050513,24.687940219737563,0
0.30211273129196498,60.867482405559848,1
0.9977679024440087,48.513637645409275,0
0.68707906393663909,73.782758309404713,1
0.66818906165109437,25.355916994323913,0
0.56896923602045013,66.594979570524288,1
0.61821641801773408,36.333762405595635,0
0.61544750845779084,82.627465009050198,1
0.1980440710662138,52.670240985541717,1
0.28740243999632187,37.280901818201365,0
0.80116858510354938,24.040983535368454,0
0.56810278937597891,10.358104207719725,0
0.88657419145413408,65.243576963079903,1
0.48798018483816652,48.296657506514649,0
0.21922711991669011,55.020443981057241,1
0.2860198962902743,13.639695063996918,0
0.42354940596201895,59.486600365250652,1
0.91292338767690739,50.337668578297681,1
0.25195795449053776,65.734112246769527,1
0.93224531455535686,24.700173188326961,0
0.35810776211233242,71.715782197059966,1
0.27151385986782323,33.344279850527776,0
0.17311447820305567,53.503515875667105,1
0.33591322337086926,69.354519420002831,1
0.4140789198754723,42.440634706262792,0
0.99747508158789722,56.369624778800464,1
0.042836572994867608,95.428232473986327,1
0.62303190288275101,29.719175039659802,0
0.90174891562282522,69.402487282362983,1
0.47603754674831289,76.304819889508565,1
0.55107882970528621,98.189085674560204,1
0.63962932333332922,25.003726326396563,0
0.37628367747007108,19.976723948482761,0
0.48799402149766408,71.551931123971912,1
0.73306400595841181,60.674814302788491,1
0.61603986966239277,78.208941583618966,1
0.57681195883863234,47.859220089325319,0
0.69912041290622229,11.677971487714895,0
0.716667940242527,3.8071656151708058,0
0.87032494175728636,55.129611471262571,1
0.63379997510174291,27.618153499261549,0
0.78305862088830147,86.624126968264633,1
0.91701955623785947,34.768168970368876,0
0.48615884989786839,87.179023347412709,1
0.17845399965460132,27.637219488451827,0
0.98747942409826417,56.668081952570049,1
0.20453376844736457,59.904629485637237,1
0.17107765105137493,30.208122045829949,0
0.079072242639526835,96.718204252756294,1
0.42858876075064239,29.130193604682663,0
0.91163913901505955,91.90094261053062,1
0.79142455188158178,47.244347374534392,0
0.35746323799596319,88.464099815331437,1
0.16125596275611592,22.896604204036578,0
0.23226857242745746,73.78967882776152,1
0.83132058187915037,0.5019642880661247,0
0.3651378952735746,87.260586296795211,1
0.88673890237078956,42.073214585926948,0
0.24517545674237212,66.390146904806684,1
0.191990290857847,78.081844783426192,1
0.21565275043978019,47.577664138552578,0
0.3780117665315102,24.376009509142492,0
0.87591820157874289,55.721393393222897,1
0.094587598971364831,73.377591172874716,1
0.57174842505331547,37.577987107251765,0
0.73229311580410839,65.03973196495312,1
0.22775134967069671,81.693391539944983,1
0.20831611855342805,16.900452746497677,0
0.45909310386473923,97.779665467226721,1
0.82837507679517153,49.991569644767594,0
0.083110196088957686,83.306566711192289,1
0.33466715008703396,75.07915127793288,1
0.55295528217822099,51.942756935927434,1
0.01915822132451377,99.222580110292228,1
0.33903913681350606,23.077242459672149,0
0.59214019709832044,10.029263147166587,0
0.6182571442882796,4.7824053116060821,0
0.77886072163417042,31.214850550151823,0
0.27993196401741915,81.651924076328015,1
0.23887950845010555,84.789852092410371,1
0.630441171410699,82.476789961791027,1
0.87408887821905723,81.177622769576317,1
0.52305888269239054,5.0641411007680661,0
0.13019480608878414,18.410593419526979,0
0.26843601989952665,60.418645134390637,1
0.56168773703355701,28.579632299290797,0
0.37880054180454487,50.070610898579758,1
0.36757372429947077,81.158430120515831,1
0.2973503550967902,56.74181117524477,1
0.59620422338890111,40.438249726052511,0
0.45663145764574009,60.490865195398626,1
0.69971339064636895,8.2956593522316115,0
0.25146732956705026,41.140803341353688,0
0.534817581314043,67.90891451198091,1
0.45126202863234188,36.091522377026976,0
0.90216590692390031,70.239766999259473,1
0.19763956554124112,72.81780516394312,1
0.48851390391984673,45.318318086358865,0
0.6497207743347253,85.705424372900936,1
0.51067435346109524,90.385862062864874,1
0.15183690569914735,92.287408556922983,1
0.74475616204773831,11.681553633735307,0
0.31871922189310159,71.396235735805817,1
0.56534011688332075,67.134445797248958,1
0.28630514363120552,93.054900967075909,1
0.73720553644802678,21.345108198628346,0
0.47233494346604449,53.339483380941431,1
0.7669718348267357,49.562793294695574,0
0.018669039485356323,77.054663038372368,1
0.57721685924437682,28.375332024123207,0
0.042053294387670838,78.971877358375068,1
0.80342762209634655,20.804457329588224,0
0.60514338389278544,64.485308604540919,1
0.045817165191200174,4.9095368501309009,0
0.14585840150055401,44.215401981126242,0
0.2826109678869187,84.253727544217242,1
0.52398835659212817,67.230924389898277,1
0.50146221020327053,7.5366886367726549,0
0.69125918238016737,99.307826347326781,1
0.66637419521174124,75.109892373490098,1
0.7196112124806322,50.564816198574761,1
0.42865849445977178,46.331638538433076,0
0.95848915444616656,32.721877672114353,0
0.56598035225923193,43.178042091046478,0
0.93353424218182179,91.000834987964879,1
0.51033642725569028,22.433288638681773,0
0.36282150324565426,94.100504971156127,1
0.47187050221109322,72.753066184349862,1
0.60783360368005634,85.937705070682668,1
0.5500912296353333,38.329648104649806,0
0.063956948492655971,92.443331606892556,1
0.95074317043216117,14.046545333250679,0
0.80287415944173657,90.599773726705351,1
0.10397024736924575,42.794753491317273,0
0.51421928569405306,48.353465994984596,0
0.76702977706074238,46.946305989728451,0
0.26564769366087748,74.078735836818225,1
0.41313209403917756,51.110451645734933,1
0.13360809866972645,55.131434209240339,1
0.94014754702343961,5.9822822948835244,0
0.44218530107391313,80.835514925809349,1
0.02499358077766075,6.711213014419755,0
0.95357133352829671,67.340261008283235,1
0.87766766216497294,96.039800670016461,1
0.40929860966713105,8.1732675471218617,0
0.68107664477130236,85.516867127975843,1
0.81985819890157241,35.674893872661002,0
0.87941317813443631,29.728490547150603,0
0.46740625960165927,69.700512508722255,1
0.56513734095037793,26.328935300153184,0
0.10415589674569475,54.815660489171577,1
0.86805841506834069,45.778205360182653,0
0.94297488589909617,57.890730610997757,1
0.69509379039290076,44.133513348239248,0
0.51958843857030779,72.288705116272297,1
0.5626688918856293,77.606592177230198,1
0.33994722708125935,49.304555472594011,0
0.61663827887579714,83.955306552329716,1
0.36837225005420493,23.240666102264388,0
0.058751807575464159,44.162992082612121,0
0.47407932461895019,85.120887069553547,1
0.26748977986513162,70.0730193266985,1
0.17235823821851901,82.490973864910643,1
0.25797747553232009,82.7431271703649,1
0.63738352322829117,50.487489789020032,1
0.43240884059686624,49.538391153113167,0
0.91740110373003458,76.035039069147331,1
0.20901635159226895,93.78212112643854,1
0.96109772052666997,16.938889174228017,0
0.91910351250278932,37.273463437926708,0
0.55100001234142115,65.720742226448266,1
0.68514599915833496,24.880785413496561,0
0.71360444636717646,54.993009313472086,1
0.67507531525337849,99.082346353252575,1
0.76995159116105716,57.639264388773249,1
0.43116582111975449,60.395555971374527,1
0.68109210891699978,11.507456801602364,0
0.058264645309310706,25.389371358505159,0
0.19164422396181349,96.447212619915234,1
0.88302502915404035,0.16649919569794983,0
0.98351982095442703,1.7630781055256155,0
0.32053719569022637,26.864796563454341,0
0.16635841977147311,98.596109914870993,1
0.04819339236626094,98.634549974759366,1
0.50881425780654621,64.123095462156044,1
0.16865432456538748,57.323297046741139,1
0.32653464578396391,6.7791691081501408,0
0.37495200679402424,81.837818716577175,1
0.48219169512493149,19.581996472357773,0
0.14614710917051282,29.446382880884403,0
0.053570790241272558,36.427158506786064,0
0.31253023553291814,69.56686017548985,1
0.1021896945788477,50.219678669338897,1
0.42139395578829292,36.821493383879542,0
0.58839302863385201,12.163224915118526,0
0.2732114839708486,86.541109805247331,1
0.96432496791906885,40.973581579035887,0
0.42985598856110868,58.959974655397232,1
0.40294033261152928,21.817020197313756,0
0.78658456252263143,12.674231786594833,0
0.15813637299376371,79.802090618667236,1
0.33737027940217884,18.228591241980247,0
0.67933003962008753,49.997589481062064,0
0.094864082101203534,38.062787492788765,0
0.2126939130074782,74.659591668592569,1
0.037571740354211881,46.824013323906819,0
0.71191934901844678,22.849895303533362,0
0.38190366485244764,65.489517508768245,1
0.82320769868009147,65.179171629799143,1
0.66337582034216069,35.741249069451001,0
0.031731102630370808,30.464190864220352,0
0.11655854951430045,99.954168684759253,1
0.29713084748812524,87.815373292106841,1
0.12978920439714065,36.715830274259595,0
0.82959419480971719,98.963216691726458,1
0.74782937846511111,76.836386312188765,1
0.8914474895649811,55.795711863690855,1
0.58529293052167297,1.8283277758529073,0
0.28704928759813741,43.737666189548399,0
0.98955647740026775,47.571566629955342,0
0.35320349659454242,29.116726447416809,0
0.64821401734287576,53.298948171222094,1
0.95421913729711394,56.104055259425223,1
0.4085674515965243,79.315898278409563,1
0.62302365229605872,15.852413985809505,0
0.31521859500334531,87.892622122491076,1
0.11300012707384309,19.313573008083541,0
0.03221546860049268,44.538076848042238,0
0.51457585045815257,47.631865016944644,0
0.48755339788624708,30.995827415490439,0
0.46871372147869028,67.151689234725993,1
0.18440968039650921,37.349842413025833,0
0.38801435725205313,35.730233525731705,0
0.18034866972842659,12.009212566543935,0
0.38835605903917741,10.028427145457094,0
0.47775033697381164,54.99135188525139,1
0.39651135420264272,16.633008381646597,0
0.50971870334340197,84.224709255725472,1
0.64688460978068629,18.96365839939735,0
0.22206718671231865,28.320707393959495,0
0.86129170277216083,72.964849170746675,1
0.20220012739403179,37.754111149233815,0
0.33346085172773376,47.65349880217272,0
0.12354368116871625,39.864940261405401,0
0.10050973440544202,26.710615226398509,0
0.25310110079734638,87.02011010005144,1
0.46990451564542229,68.519445261228569,1
0.063165054685978717,61.507410724417966,1
0.55052045292710905,59.725234592205489,1
0.020177911976435182,13.016658794608274,0
0.70984360981259664,34.155012031157973,0
0.4328720767204054,28.099343985365401,0
0.65674362036247902,89.002743218561051,1
0.69105274355553681,52.346093790766822,1
0.80798341418056907,77.72421328244927,1
0.10852638124885335,0.28896494782015913,0
0.56633878013414274,45.587771453702715,0
0.93674822381546174,92.739766646521062,1
0.77258028079410102,75.677930645494683,1
0.18980358829247002,2.8908431543460318,0
0.86400895093754349,39.843840729372502,0
0.55431138563636284,31.145839035113266,0
0.68116663148681011,36.757539881746069,0
0.83972792506205285,30.723651792259727,0
0.72415672509193263,90.207862011253766,1
0.23536823142104235,83.386549345863301,1
0.77734855924609514,89.723524912131722,1
0.83283198197969799,40.712113278318249,0
0.48487868694815722,35.609153767865685,0
0.83047376518625471,77.257148538370217,1
0.60895484388291599,70.406114016848662,1
0.15558281175586525,88.031718082740767,1
0.49085816624148665,85.32000206658617,1
0.7327473311371856,28.439442267846054,0
0.81706195688669658,36.030939470990994,0
0.71999688945710516,98.77211055661185,1
0.62862124975240852,23.734458872924773,0
0.05050277246651369,80.009684469555353,1
0.22766879816896693,42.949082582699639,0
0.4523096743283373,96.869643636452793,1
0.88100597862201091,6.7482700137180611,0
0.18174120559438187,52.44424247762386,1
0.30383321424193366,52.483176417873793,1
0.84746055204768689,26.949826547386973,0
0.45734781932893576,64.479946142286039,1
0.14454813401426567,42.048837776318578,0
0.14816506586417791,21.026197923825215,0
0.87308505730381469,94.055810521382753,1
0.96007432879883536,96.924412202520486,1
0.085958877618405441,71.085613254031927,1
0.35901960514440184,4.2503661961529247,0
0.35904658742204615,49.599480232968688,0
0.18464275504678615,29.078407133500285,0
0.2078869273922811,95.558868206832031,1
0.57897952225943072,90.883061425240271,1
0.7161337401327369,5.9770410908279201,0
0.56129613544852297,70.414848332486514,1
0.62355924100780824,16.016361823313108,0
0.86993164423384317,94.114463820175487,1
0.81793425689355204,2.1055609928935586,0
0.88163607562037005,65.752295155894146,1
0.98824685112957233,46.482693472170595,0
0.34629186771171722,12.742063083100161,0
0.55854237664423068,42.17242595840824,0
0.91963082967308851,23.535431559912595,0
0.59998227450995811,90.208768886611225,1
0.3877867727483561,53.228958162120051,1
0.19099830751819458,10.855445829618464,0
0.47478058397526879,63.727487234271827,1
0.67877946406546019,24.645254819023076,0
0.12797743320836566,91.67199330016598,1
0.31191395889591145,33.790716358363035,0
0.20569835007456055,17.216970313907119,0
0.65620065836990282,76.446522295682939,1
0.36700223543075949,20.657088477470488,0
0.83686040846484733,11.288506868895379,0
0.25934945524639891,88.629432622636401,1
0.9487408865004503,48.807941306758643,0
0.15069542692540933,73.804033535441405,1
0.24391630163598632,50.128159602232344,1
0.039784347191352556,65.552324506245711,1
0.37917976471557269,87.430557463052935,1
0.45379281530799009,89.584688138954661,1
0.49853551411001734,88.638564706146056,1
0.48357016196640684,36.371216939935096,0
0.91043109489159246,61.541184299411796,1
0.22684520214183498,58.731239782055489,1
0.95947017006551394,81.514829109196938,1
0.19732838272923994,49.812853033567244,0
0.046209351646811399,64.057312795919046,1
0.1125616101140909,82.298118752566225,1
0.844818743804851,86.862712813011697,1
0.016142482876843996,30.670971111706912,0
0.87011474458040428,1.8512162854202165,0
0.13392109057582965,81.176930796903051,1
0.40675903549732595,39.910960355732108,0
0.83510698789502824,64.314555173886262,1
0.34728807506490877,87.067761592132868,1
0.47869078976972529,35.610365977329373,0
0.034209809747622257,96.427242828732005,1
0.52670222498788599,28.429537140032991,0
0.1523071253450155,82.585567367535816,1
0.15630746174431753,5.9509536744798313,0
0.17678406982532893,20.986155430314206,0
0.14314317290817535,80.730706770313304,1
0.40988688655658012,96.89023564424842,1
0.34190472883261031,39.277748968115887,0
0.41126907123777506,19.928029328551158,0
0.30388924959296792,46.661790901171877,0
0.44719675995744612,3.5944604797262985,0
0.12097282759890558,19.031345480601932,0
0.59823492476634443,53.438054795115278,1
0.33386941502516598,34.325832796434796,0
0.14271809679582625,66.305284745202059,1
0.92920712611135425,18.416855353124838,0
0.32087919969152623,1.6709215481164501,0
0.83178459193174936,80.363659691234886,1
0.7202843058483136,81.832839260731276,1
0.6452945511067727,46.552045152779691,0
0.0022288276824303102,45.990685860622058,0
0.65457259475000784,40.159996338263156,0
0.69058457188801126,65.489972180449399,1
0.89962436812912316,98.675514617318058,1
0.3937417326465909,61.730059125334982,1
0.97103719505064057,22.213721611636561,0
0.46019126775683428,43.463718911383168,0
0.94723743616940337,21.958969916197923,0
0.64407381538491404,94.861517425096366,1
0.37523363594675141,55.171935705082461,1
0.74723395320923713,76.105158764917945,1
0.99403361975868865,72.304728428043759,1
0.2557069013154632,66.589040898992238,1
0.620103893624667,8.614014977875172,0
0.75749733148026155,25.765018875601243,0
0.32672242230117432,22.375161583710071,0
0.59340737415170641,39.773736772953413,0
0.77193943027962908,98.600470972527035,1
0.78115635261924765,89.481847169567757,1
0.21405378925337168,60.203598141765035,1
0.41873968644940279,75.79101551128133,1
0.19597698105311812,78.512055975623454,1
0.52124782303406292,61.216173349514676,1
0.60225485293299652,9.7313244872406717,0
0.5437065705394869,7.6331057155658977,0
0.89607761516053119,37.647800304762924,0
0.4657972215049887,65.39018343453769,1
0.12812984275078859,47.826711250388392,0
0.23535985277749591,69.304563137378807,1
0.017926499255898641,29.067299388846056,0
0.34100828335667416,32.621837562239655,0
0.75223908561851782,88.231199042979256,1
0.017623153523366505,19.234126722083484,0
0.67967818057149565,35.118086512721185,0
0.29680019304938621,32.084458103442778,0
0.43487344562768632,91.800066452380307,1
0.83716865155714038,29.352672085795867,0
0.30359745971094698,56.250536188599895,1
0.02761721798573491,16.25826862466441,0
0.52720774734728404,78.060966580203257,1
0.70665313476075098,71.923592394182265,1
0.19817369021390271,70.521142506283311,1
0.48842103103567897,89.226861665596658,1
0.3586401368298755,66.477969971708006,1
0.95241314496491714,20.772742536278788,0
0.27483807237578467,20.348241981281081,0
0.92902979391116169,20.374626489530609,0
0.36347409540949116,90.912154731765455,1
0.60584576782111343,44.981976945410473,0
0.1208652151380038,38.167082442979833,0
0.74154619162042912,16.684256455248342,0
0.12298243358870151,96.5761325306148,1
0.55059442042866458,84.042414456625664,1
0.0085977250750166011,50.196533580402161,1
0.5313988581911655,22.060961891925409,0
0.78586517590371197,3.6011413687845417,0
0.24382985161795739,4.8316143009958852,0
0.049415568378481815,52.745773714383027,1
0.98218817635541233,63.6680005414728,1
0.68085100533480336,6.2846662040262791,0
0.26384891069673416,50.864208001114534,1
0.74743874731820015,20.302617699048771,0
0.26095667912669324,89.890608233348743,1
0.91452577892435982,43.476638171578124,0
0.11857749713518541,93.199435106105838,1
0.029058283208430877,38.256588409774281,0
0.78481403076314094,36.941503610900369,0
0.75851188402553638,30.92348171906708,0
0.3095725236039481,98.540421155533025,1
0.6885836104343569,2.4740570236342294,0
0.81476396220492386,73.791277815490631,1
0.10006244950930702,74.958890292308709,1
0.34069142832452964,0.083585036957443237,0
0.048137161437485906,4.127227982565401,0
0.66320702976696522,52.054929338421175,1
0.87197390844671707,26.547926397317983,0
0.9099895972339388,19.51607108093615,0
0.066066572939076723,38.089138706256236,0
0.64154236048531832,40.245267674441109,0
0.022138043317076771,7.409403010927794,0
0.2983640466343444,60.453178342642808,1
0.36568404797729293,5.1794354362317527,0
0.50771376747065866,14.528987935990557,0
0.88700240193260949,84.936928136710506,1
0.34951193693536892,24.712407274503452,0
0.41429062579492604,98.254773532159049,1
0.67978754997243529,18.935238671924566,0
0.44556359036153348,58.726320629346333,1
0.13270817423831122,42.628442329647228,0
0.56230234380918664,61.549240099987593,1
0.58078360491468739,23.004780115096263,0
0.41339394422871711,91.202065204829935,1
0.33109897576789327,78.048573098168035,1
0.62368060910314349,19.999719653278458,0
0.35288212651055406,88.990026288195523,1
0.55371825702195909,34.274576806591163,0
0.52812388377642439,17.811463036486629,0
0.57259254230772727,56.285856597258643,1
0.96391830126006073,57.488927784137857,1
0.1640926800501033,90.567360208633986,1
0.65623026511456362,26.206578047110966,0
0.53957237794044077,59.295604498728927,1
0.81224810137052461,45.383973440799849,0
0.68441619523075237,98.299324325425232,1
0.16743937421936514,15.3562504869682,0
0.92501934474567848,80.012714061891984,1
0.73685238218719717,27.798742022271611,0
0.13457168319009788,74.627937597515043,1
0.7174720143515021,55.214520569524971,1
0.90447212006173661,46.292187760720118,0
0.32799694423004844,64.464167442388913,1
0.49262204230419454,49.866500659783604,0
0.062765889830312643,90.6310378064546,1
0.35852413082426604,71.506676343971236,1
0.12709313124748559,5.4256876490198485,0
0.89532317076591927,69.65310628044098,1
0.59757255371546958,40.191029589712166,0
0.90634314292405882,90.920312465597092,1
0.97691609290284853,2.877341817541673,0
0.59483927422894134,46.368196581661792,0
0.10279947989750629,75.085863738826404,1
0.68111858455516328,56.005061862992619,1
0.77074731316917922,95.009243439421624,1
0.20354486359448398,97.852243249235798,1
0.026522899058890947,77.036448278015683,1
0.51586208609671425,9.4081027477086057,0
0.21982880738555863,66.276572908403622,1
0.10360871539619226,35.167966380327925,0
0.68010954171424243,60.106759127279162,1
0.14300652180938353,51.061205030913094,1
0.8567295455637991,5.3472290771767632,0
0.70879100109859883,65.035546415036336,1
0.52428597515648512,67.438445504493288,1
0.37953594018683579,86.054672014925018,1
0.20872554844651631,5.0292740599388601,0
