Group Size,Interference Level,Group Load,Group Coverage Area
4,8.2640970164277121,366.96387751352222,4.2280173116494044
3,5.4271958886772378,372.03252495826803,11.023291050001648
2,11.276319088077322,27.372832888445274,3.9872848195895947
3,11.386100953158969,154.96799357001112,3.6944455223597794
2,3.1616820782244588,459.7672179619629,13.074762321577763
4,11.559440564159043,487.93904552605886,12.495373632989532
4,13.696391896203345,381.46498723955125,12.153459264968269
3,15.648076746448911,430.64693917084804,15.791839199975056
4,11.312128133751511,73.438599041401687,12.171227198173863
2,3.8219271338646892,378.23347159579089,18.918455976489213
2,11.838142672478288,91.597408564573811,19.195246812512746
3,7.756660705318982,154.91185740330809,5.7291455863645044
4,8.9617382963009824,498.3886482652224,17.048410169337139
2,19.597377339190515,328.02349437401796,5.2713179882947898
3,3.6686111444926874,458.68763721486908,7.872272130973764
2,0.43619394322680027,277.79009532080499,13.452754043719152
4,18.039248985256652,141.44238021291903,9.9950325870863317
2,3.1114729322080841,363.13929053169642,12.154014783983126
2,11.617016276166316,179.81383818193052,6.7224196534242573
3,6.092789744070167,37.930714682643632,2.0547801628963929
2,17.949354619695505,370.07733055859683,16.029009140110112
2,17.862089033174371,203.25951404090017,8.5754894747284656
4,11.856447305463462,282.74657311045871,6.3795536292621655
2,19.927426381002846,6.3796378701830463,10.012652629992298
3,14.230643359120304,360.57341837350901,7.6679337283912741
2,5.8253593583709371,170.36840350849945,15.743279624610803
3,15.598403716272863,59.281484949999246,14.381031966945638
3,15.266587312923086,138.32420745786476,13.338370795984925
4,13.166855477339986,383.50019132881437,19.557763881775443
2,18.208582381814988,291.10227911318759,4.0161819923744453
3,18.139208377403769,141.87997562898323,4.7630142675540474
4,12.464313587390032,192.96158160686565,5.7908743972847585
3,19.223041189472674,41.331786681586777,7.8801952674427049
3,7.0438884697127566,165.83776155758545,10.469305940190939
4,15.902904884844508,3.0599895413313014,17.45279196158647
3,10.104818898301954,292.2805940230752,14.957974849714885
2,9.1210555141424088,439.50065478659269,8.7501799374586806
4,2.9204947980681877,118.90177830071272,15.758764402828534
4,9.5792519997708734,462.20900372704909,14.482123058513794
4,5.5581399544878582,391.4553769358692,8.8587258015101433
2,18.449224689253246,402.98380698216323,18.158382171838724
3,12.697004290622196,463.77781218093719,9.6928157004028641
4,11.647120198070592,328.72922431152745,18.27462813829753
4,13.053334678082418,184.89836327959708,5.1244990467673626
3,6.9287483053881438,286.81921646316499,4.5405594709052517
2,1.2702990981146223,247.92355031144038,14.639963037632389
2,0.45111702776100349,48.097139479637676,15.270436433735508
4,15.509010318438062,498.41054971255852,12.299924682965466
2,15.002129299101481,19.678249964340708,10.364497424273052
2,9.6459877815311721,2.9161048600990815,2.3950778126693693
4,10.564617165627245,488.01756742783709,6.0052073476860333
4,16.482490951420036,30.635512913873193,16.078359564802778
2,10.643551131078762,154.09650101982825,16.396135049125242
4,5.1547556860161734,399.47037184586299,16.347426083100693
3,1.4810697554988181,308.4845167158565,9.173807962412857
3,2.7341714234716123,330.47785718481884,14.288445389032571
4,3.4331971609188234,43.617089066476133,4.6069738495196093
2,10.310600218507741,256.44681148996892,5.6561856286861865
4,15.392613473996805,91.366436607840683,5.4452024472156548
4,1.2585016997803475,290.95170520756011,2.9111392446379827
4,7.7808733786367226,328.47186868473511,6.561091436334463
4,7.9892721809396861,392.43862633241275,9.775739679008602
3,6.6523718492371833,160.34175323338329,15.098477365029266
3,3.563895571773823,459.82187006614254,10.142127259700619
3,1.1929109232467185,231.34717518992127,11.071043012231142
4,8.4107800984805365,499.52787905909491,4.3422804634749337
2,16.831019090875529,473.44650862433321,9.7569361700475845
4,11.234775460900169,71.77928372834775,16.199178404267492
2,19.267648048357874,284.01871876978259,2.093829094475987
3,9.8061654855525902,305.58289205915429,17.540006175423045
2,4.2935133279736686,26.962581336015173,7.7637625186535359
4,2.9261384359216964,490.21731339870826,4.9659065152359689
2,14.891114074220468,373.85613558527837,16.402548143827612
4,7.9579915702147375,249.10801497712174,11.302677937458585
2,7.500466912752235,8.6850656702579307,18.916353920901358
2,17.754152993557113,351.23406786063413,8.8752272123821214
3,14.165794902558345,112.87318245175909,4.144788801737497
3,9.8035678871923899,214.13700106280717,2.0207670535988953
3,16.262604750815129,139.95117374693564,7.7375779309019341
2,11.87603189231643,11.70035405629331,7.3226224683796159
4,14.542807403273326,24.100670369388848,4.158808339461129
4,1.369510032874304,433.87806296063496,8.7897504581090757
4,1.446917122903707,458.40211606510081,15.117129421381806
4,3.8556127826942186,32.100968543487127,2.7552191739693375
2,18.01840320137255,382.56513671137634,11.801097491663461
3,0.47879043988827169,175.7730800545649,9.853633174604564
2,7.2789834473649897,446.86999658442568,3.585173399925778
2,3.1691231313949091,86.31173385601106,7.0871930472027476
2,9.6885165989811135,372.46197688973604,18.8640410885513
2,19.594177873616189,483.68804668248072,14.420021328339363
4,10.342191509130501,30.31734890784945,3.5725913921243473
3,16.739535097377157,34.159540447480765,6.2982668291303643
3,12.030044483034892,223.94065918584386,11.743721713192631
4,19.023105697251438,33.436342623753632,18.725977187382977
3,11.971473745988437,113.9812206914561,8.5655418068941405
3,3.0248138229478219,451.14805710089769,18.034245012343977
3,11.543191648807001,160.55103748131125,15.726330142340776
3,7.5710181182115424,152.53781953479063,9.3127851641330803
2,0.13555290183776658,455.9405296835771,19.729366107717794
2,10.988604748150614,137.00005418481308,4.1567846295222566
4,16.959635837450453,14.988000744482504,16.519826450627217
3,0.086343493352804113,279.37731951446148,19.805926863945057
4,16.187409551901467,44.80847019926108,5.4545110033147557
3,17.593972616639906,47.444196672851312,16.206085302031639
3,7.7851414996130117,121.82959989729784,5.2430770598552545
2,6.6764455785399512,275.52096302412491,8.5097196728502027
2,10.565066137614226,176.66437205703201,9.1316418513337343
4,8.5936862642847398,352.12609584076614,8.5985406472340884
2,4.8489668894787163,414.66278671969792,10.54843032665012
4,5.6440487250890818,488.17306430459627,10.088903624605807
4,17.219475785838195,193.23831456398514,11.228703568330364
2,9.3458973194220558,412.40618816223287,13.188959935302362
3,13.083953938020372,50.345907709722368,7.8921515829358961
3,12.817290282257503,4.944347545944316,5.5873713687003459
3,16.254556615024136,258.32571776505824,8.4921851840299496
4,11.569967256658696,410.99206656729433,3.5718606745693187
4,12.71364019844385,453.77038114414103,2.6766520248151626
4,3.5511302778269771,96.164485950099532,10.514553079621193
2,5.8774591078411129,61.380637139724868,6.4772626648085483
3,13.422442485309411,274.77126488218607,4.9033594964553409
4,0.7752635147307364,246.34730198716153,14.927761936060973
4,2.1128283823434395,257.66555115471851,5.057057264753178
3,15.631569975815513,494.91458828324198,3.0614699521388253
2,12.262703064951442,481.26031597203587,3.5166995122640858
2,13.76108462631753,63.732862967873395,7.6962044377327921
4,9.8927503777168457,186.38995717577168,7.6163691150100759
2,4.7093119959855976,235.16791324837502,18.816246755801256
4,3.989335589105885,219.08115256534944,5.4895219698033859
2,8.1235356014797162,306.57135173984403,3.6095128960951759
4,11.214662097028764,120.64661906130921,9.4781562832548083
3,9.0814626724838572,303.5784109046582,10.72467468526432
3,4.6267061608967861,26.261154807294329,15.36423846304614
3,10.604817518314727,379.20075789056756,10.176963203669043
2,18.911389559000447,93.107953012505519,15.153186122492508
3,10.104906358804975,329.02931088070818,19.84260699425014
2,12.788833376387522,48.063923627167902,13.173118465195
3,7.2916170057335954,255.17538411318108,10.37650844844827
2,6.3622538029971789,259.99167433939488,8.4825423995417282
4,13.848452164720955,273.3883116270361,14.144726561449806
4,12.758275425414682,208.37687361444202,8.8441341653671746
3,7.2794440701973828,140.41219518539134,16.679521311390921
3,10.706619168960778,153.70931809475147,16.130331865572526
4,9.089148402721225,32.930113390521193,18.430967161632594
4,15.8811000529123,341.21473242585301,12.656283727221323
2,19.179434785237273,219.01088707102969,16.975244100659737
4,15.744043707728405,253.564894783108,7.9467183090498299
3,1.2018993502491617,8.0594909414926033,18.411113131982795
3,2.582232478345853,489.53158896860276,4.0669686310305115
4,3.0283698174303257,445.2880387871005,18.418444212720935
2,5.7566171538814048,286.61263211938211,5.5462890963751308
2,17.24950002378295,308.67249300175934,14.909235700457002
3,12.095867512792287,381.13218749926062,8.792310802634951
2,14.732997116974087,437.06362458740529,10.220183858750474
3,13.695912078812677,179.85771511674753,15.270246818321873
4,2.5521428243034254,346.6112016917258,19.800805982109534
2,9.1078670179042334,398.02424791176998,5.3672475122694152
2,17.192148313481429,210.91761705974005,16.126037229842524
4,8.7589301209705557,283.463578803215,8.2052820428299178
2,13.51512157987576,216.20982429767486,14.186610956763202
4,7.1975707482535256,239.28914742511193,10.377227858815914
2,1.4986245993052725,184.59101309282286,17.161653838661337
4,14.80851923805127,169.57084819188847,19.180840198500473
2,7.8895895312957425,8.281312188264593,8.6245021338688694
3,13.072933299966591,419.74931346240885,10.161609057412301
4,5.259105500420139,244.6536390318785,16.173603516152873
2,9.3917321830018103,171.0699927858403,8.2412750582402925
3,11.282128920444347,468.51914770366579,16.447356398425697
4,8.9300465066591492,182.29093550811098,11.495111053574416
4,12.378983996985006,339.60093317534819,8.2238196107669825
2,0.31387384064210294,381.9409917955943,12.160967907943283
3,8.7525419186579718,99.300672113569775,18.070263659614263
2,14.161321825422961,233.39799709310662,9.9249371783458322
4,0.84732970262287644,26.757799567076283,9.8601436586399291
2,16.833428040534923,485.62693176121775,17.546315988314483
4,10.924239210283496,92.21018086756122,11.954354279653336
3,8.6436568985896436,348.53736490408767,15.22970994805438
4,4.1938199867465622,138.3129312369567,6.5156707831265734
3,18.739670924255471,441.23059904260128,11.456411923960044
3,9.8524247062636654,242.55095433562573,3.9400226790178672
3,10.356910149733027,214.7221640752266,14.074818044004413
3,8.4553767593835367,237.92987397775514,15.946109988701581
4,15.15540698317597,423.12915596325377,3.1420738786189228
3,12.488084487844297,180.89967997786573,15.713169967622109
2,16.870419297772653,28.428441625287963,12.685462263731967
2,15.141990005570458,285.65059056768689,17.461124160076082
3,5.4860084436303049,83.597802363148801,3.0175154279067717
2,4.2881188095957592,260.32082189820744,9.6339311542147463
4,6.2618527683717442,73.986950597719726,19.952433051519296
3,11.537492671766083,265.98335931356223,15.763519389444738
2,16.277478261048664,389.42833612180704,6.3936271715879567
3,1.4527486550867319,408.66615106755222,18.272035724610106
3,14.49570596893118,233.25549565872899,13.704159305293187
3,2.331511183796223,142.71165157794564,3.9702105391631886
3,14.036162083054037,144.40324722994268,19.473542971291366
3,6.3641428883951825,53.738131445710607,8.3639074900950803
2,16.530636575320102,260.22303512330308,4.4678474247771538
2,17.564372484369379,110.20861990293889,11.945889512983099
4,5.2293219069155503,230.33223824125355,8.9814123469318332
4,7.8569373897541954,288.66773996905789,6.9934037583849413
3,13.341468951358213,251.71663693697965,5.6546119934202226
3,12.044181987663816,164.16666664377166,7.3699861473264106
2,4.5473095330164348,165.7830351804304,13.357001989780461
2,5.5074789214448439,104.95581808730765,19.727645361669197
4,15.245779247603277,395.29536170665892,10.249191337381113
3,1.1948587844124339,49.789740494354511,13.382065590183283
4,1.9126158868487066,133.3802566553374,9.9910498252096822
3,7.9416792690482367,395.08687234254876,10.102284603799825
2,9.9191357148434669,272.84898435363965,11.823681138373765
3,15.176369033370339,230.85859638213117,3.4554582012144186
4,10.885705626982126,401.36181721527214,8.770229734839047
3,0.15095980844970783,429.53751535599002,10.532741172487261
2,5.9454345451413815,122.96000477995723,5.1968121226862127
4,9.291118387734107,395.66856617837607,2.0573033588273932
3,11.725893603510173,427.34485488726983,15.85913925238845
3,19.160112207364342,100.14672931290545,7.9788642320683527
3,5.2118907334338358,406.18892056224354,13.418764026564903
4,4.0846258048362216,257.64754705952828,12.163643461728304
2,1.7765824691283436,475.53896600172806,15.802457277571065
3,15.881942713578205,195.27967772226765,4.3595652134900753
2,12.458163459067308,108.8314136065689,6.6644654817248066
2,9.335688617702429,122.96494311791143,8.1847633785497234
4,17.068793520829079,380.31761435806641,19.933202576792429
3,8.0520917885248053,287.6672434097469,13.640959554184676
3,0.74138340574753636,10.772509971061959,3.9287030109803673
4,3.637476621026861,376.73923996125313,14.83061703612591
2,9.0036760312522173,119.57643140087669,9.9589719632449434
3,5.6684823360613006,254.56555455670022,19.397915640565529
4,7.3886020702256827,5.8748570763854575,10.594023781173874
3,10.554457172078294,219.04227799691367,17.968386588603437
2,15.27112972702418,46.933052384729059,12.93721148508471
2,15.127737063508357,296.92065962446884,14.438947104122001
3,0.59410078478702377,126.29724788772745,8.4024289652716497
2,0.1888019778713593,329.87105209840047,7.1398142413887262
2,10.72225169777975,222.1071146065868,18.353906944558915
2,9.2078977493606029,428.43683759143431,10.565458372498611
4,11.745199641094171,39.259196743024141,13.8555077602414
4,18.439579260740231,350.21588152750206,4.8195499781610209
4,9.0544211161576307,441.39248153259626,19.403736260441939
2,15.220739960307601,374.41282224581238,11.226925473300239
3,13.972142308006131,244.89426647540847,17.765719478840808
4,14.944119749099071,145.51557770255747,8.49132008780321
2,11.267682132901475,398.34019187760549,16.529775928952624
4,17.161221754346613,216.35063258761102,9.3829483992340741
3,10.475329221447618,471.45562175263444,11.166852674990357
2,2.1269083219239993,173.70416441639148,18.052088466497182
2,2.8264654347796299,110.11405853094257,8.7313422638603218
2,4.5424089788191067,106.69267531796017,8.6165864824394625
2,15.73013501042972,409.47800730796433,5.4872776984643554
2,18.006517420525903,388.45716947152147,12.787303083011556
3,16.013507720089287,475.60628851671066,2.5360796128102017
3,11.235983702929683,79.452378479508852,14.820503783794354
4,9.5919471837542698,296.40793395061417,10.213252686994734
4,6.5097293753687886,225.54029558111927,7.6069219473781633
2,3.5657906083230815,256.0688521508448,10.971131572952089
3,5.423781315527755,437.31425187425424,17.862725021253677
3,9.1079587345514259,436.56129014518177,12.281724922490179
2,12.922131956053027,56.794634580982212,3.7072424924500487
2,17.953564505071174,138.96591828156537,5.6067880976976774
4,17.763764084206784,389.57408158554421,4.5772114966889896
3,16.947650041872471,478.85634376614183,6.9885083916543556
4,6.7457262551159261,385.52924333397732,5.2397377096301589
2,13.580520829921831,195.33971240526984,4.6836702333221538
4,3.7684039137179051,389.1144464207415,14.474035762471164
2,15.598829749784819,238.29011583621156,17.911166931461153
3,14.272284076675906,356.96191729836255,18.52198520885873
4,6.4963183023484037,90.542689240790295,11.035210518648482
3,12.247387353446049,45.981234193770788,13.037711409403808
2,0.84609071763515964,6.1672823532332117,7.5265223884612888
2,6.4274193190165887,140.91236779508756,13.309959153323414
3,15.572067674050139,493.53494401720116,14.304947495602514
3,17.502495691879883,111.12733562995091,9.8166775730516189
3,10.889413119707914,459.15757327301316,4.2080239831507313
4,11.598305288515196,317.92460187241647,14.91621210934418
2,17.470902389600361,336.41155033205246,4.4813515089831082
4,8.1739215870266406,477.50282891909723,16.041643157620747
4,8.1311856341227813,20.923817540017801,7.9976502228517319
2,2.3499427374219257,387.18969625755665,19.900100027164491
4,15.886884814075605,271.82675421788673,5.3212930407939911
2,3.0002775802278321,141.63227222935868,16.889576917928444
4,14.884989436196625,300.43635391650554,17.616809889495748
4,4.5788604880584689,422.70556996702476,16.850519688264711
2,18.579973335647942,340.29630587450055,14.960461978316523
3,2.7555468970702712,311.91747650127741,16.292992050895933
4,0.59094257680277451,299.29720810581802,12.374358841392379
4,3.2640707601160139,480.9316317462044,2.6456513044636933
4,14.439507384989181,120.01548782923049,5.6109420515647823
3,3.4892584679132597,99.176755454007889,15.094240958380624
3,19.093961901540851,305.441979926751,4.2808386405375032
4,1.01628087508319,15.816688079301588,13.918755757584588
4,2.6598780800867257,114.27230044001355,4.6839258310775858
2,6.0346366679457191,103.46195409235635,15.862247488397289
3,14.42738752552652,27.553538106173992,5.3233382167868957
2,4.7756604686266089,113.13740518555855,2.013282332575546
3,11.335086790535174,220.09221311662915,5.2337306426995109
3,7.2171938080420688,484.40829407629008,18.207147447488804
4,9.7879051369558585,133.04092042755377,2.6749865322722988
2,9.7502935723170143,329.60174830146218,6.1970132962786657
4,17.691807550234632,155.23741983586802,4.7113465316180818
3,5.1601157175191279,151.62160859984419,12.957526552936773
2,10.516585172394564,306.17481088553313,15.681675913595445
4,9.3668615582244747,221.05522696909273,11.907188103491062
3,7.1371951173698509,370.95844087701221,9.1465695179750064
4,6.762000074033625,223.38110707857697,15.185600107156485
4,8.314949873981508,234.06330018027842,16.467900677801993
2,4.9659858760265569,83.115459458490577,17.174976278643577
2,14.309931329595823,175.39641292551366,15.950433407887088
4,9.500914937584156,46.933899422611063,13.449713449668938
4,12.970979974125969,81.510628378722174,18.168721802611241
2,3.5603765507975482,481.21723135989964,13.448268769983327
3,3.7999601400457141,148.25184370775327,8.0745390635330878
4,0.59081753743384846,246.75879126729387,11.900173858692952
2,6.5306466755134274,14.466883854226621,7.2170097675253686
2,5.6857339039844152,3.2431066516987546,2.2481658236347912
4,9.8050307807536008,328.80830314420552,12.12143400782786
3,3.9980475436886991,379.6266693992664,15.875573364959831
4,12.538662391034263,432.47015282161078,2.9309050212292487
2,1.8523137652558805,295.93631638956089,12.860104136569475
2,15.714880179481058,499.77941345413188,12.533669249403136
3,9.0097711836033376,180.60707053197876,18.66923951481899
3,7.3212600254087059,210.43117610292097,9.8039634245466267
4,10.595223545373987,348.05317751506959,10.271161847874133
4,16.108383925682112,340.21597348163647,2.3551870111167368
3,8.2297400702860859,431.03403245612702,16.003405644559955
2,9.2167545152906118,149.8284622327557,8.0107308533092638
3,7.1783519849080371,164.04525873439633,5.9118877639583722
3,2.4268826387947811,215.41275559710931,17.918599542192464
3,3.7912243156653007,477.67683466788236,13.324169471545224
3,5.7699283518688418,379.64524649067096,9.1156796734387413
2,17.287608337256874,320.83310690747254,10.713000580069144
3,13.769084193636235,424.95106110579849,7.4894241855896189
3,12.990055397613931,96.526692433527984,13.668310290979365
4,0.94850983514846765,40.119983507376162,12.676261104958254
3,6.680108656492135,314.65474158276555,16.480704135485322
4,15.962828759086705,181.57384925595198,9.6206400122589617
3,10.00245920848216,283.29792399112966,15.975506681006172
2,1.7982022472648893,59.629244524812904,8.7936582270980139
3,19.244900447896171,226.04569477310667,7.3997138577512063
4,4.9966917955301202,484.97518686809354,19.206764913726023
3,14.988024260377523,93.093604125591739,6.4713633975346401
2,1.2089816486504774,483.86422171437374,13.01507672528507
2,7.4766720493681138,10.678343247006808,18.952938287962667
3,17.970986104556818,459.08648216123066,15.194204616916462
4,11.689363323007413,78.234244640094346,15.786187978361822
3,11.053957711464706,96.681414682735422,17.283316618429179
3,3.70735581205569,238.22833049959891,16.527825443319898
4,15.033691932928605,281.50791827659492,12.928969090305719
3,5.6637908358423932,283.3144500773933,7.9746482269720396
3,4.0014838725335355,323.48614177828938,13.937055237561955
4,2.8411862081108552,295.41499297852397,3.4323316418716368
3,16.87585485022322,312.31169254161028,2.8141956863990965
2,8.055900767471595,388.1049723774683,15.689746931982109
3,10.398480282350667,181.45263669148676,8.2807354574467684
3,6.9393387469180574,236.65798629478456,2.3879236319977433
2,9.4906077205625401,216.09898736518758,19.124503281491112
3,4.9339098320034847,105.56366206405855,9.5048591827530693
3,18.175677395507542,465.24965738190787,18.235698238124932
3,0.55911223430145174,424.98304761246919,8.8429240197143173
3,9.2854249148096066,3.4135801267873402,15.393482872933841
4,1.6769130815178681,96.954026770290923,2.2278054180684523
4,4.6582613441433116,284.96027541577831,13.78456086748492
3,8.2205097974373551,52.704138240173528,12.744250493470696
2,10.512786372803518,210.01419271808777,9.5073324644506592
4,5.8016485282227626,207.67034599914697,13.358187475874177
3,3.8180437329309265,246.52548425203443,14.737297661945828
2,0.71696179021008399,249.42020152202818,2.191771306186808
2,8.2957486846930113,166.20359088583086,15.815072653729036
3,15.350222706492163,279.82570034443665,3.0996448020914777
4,3.6470510175670734,399.66130624509475,5.8726662070828795
4,10.15513560276252,434.10189074189492,18.217197164994293
3,8.0709514804514821,212.03829870188528,10.196706173101768
3,14.696399194512701,59.531554374625699,3.686037476028333
2,2.0715943826695877,432.16973819405297,19.164433788119087
4,9.1588356109144335,313.75281597196721,10.768809470706065
3,9.634726554916579,271.23021207341469,4.3822754437021327
3,16.829272814481179,239.70482463003361,9.8835520510950836
2,7.3750493337284073,311.35379933349498,17.238994329813401
4,8.6929201654591228,47.73052178683249,9.447668166573937
2,6.4692734491402621,226.97149250981002,9.5554860455708059
4,15.59848713483591,94.331879678336847,17.692463137066206
3,17.851220079628387,136.39695785771914,17.252145728679444
2,4.9922352679968975,112.45373059644072,2.3546048376497835
2,6.4574746351956733,269.40484334221338,15.93927389287356
3,8.6318424384257959,384.39656555857351,3.9107843460099696
2,6.5827426624403991,403.89819089504806,13.4081974306182
2,17.616706731550725,99.750929325703041,2.4992903752714817
2,10.086794686544124,218.9574186778429,2.6240858662054345
4,16.05973413961927,398.79211452733358,19.966478992237931
4,9.9840878369212565,64.106878388722834,17.9949828535295
4,15.890529302829194,303.14981625562058,3.4026250957523589
3,19.084773817604766,444.83881208339648,16.612928683223636
3,16.014264997101513,293.79515712791829,13.347410561212994
2,6.4265228930984266,264.2566076313409,14.988960558077768
2,6.5491071187654084,271.08362725520675,5.6908380173569721
2,2.19064116579976,452.6518399141039,9.9010437083901106
3,3.2081999830939805,5.4278965133372212,10.159641187712383
4,6.9441235004664037,247.09180847140581,15.392899241015733
2,2.1531449082089331,197.66180668848651,5.6714604821388885
2,2.0953808455240823,426.64676808130309,7.4803211286106714
2,14.893622600889589,427.8763287830522,13.428482843296829
2,5.3916658299936291,443.19011757298841,9.067017771800522
3,5.3075308843085223,91.789314333251355,9.3082159624007588
4,4.1388105061551608,24.704423744559488,9.4609954932057274
3,19.701295290003202,491.7484770956209,13.399563659634238
2,10.273925126657787,346.49009343538904,18.524013269005348
4,16.268433423837848,89.013861068065225,4.0146669549935812
2,6.4043150685747685,433.08393840355978,14.303098950676201
4,10.626553814218639,12.248889315989283,15.214978417947412
2,5.7103571787990424,349.32760188790388,7.3641774800439261
3,8.1728894860357464,43.839795069694425,13.355686508750397
2,6.8057878626537445,121.91519053742066,3.029865047442664
3,13.014181457932192,233.69408665862591,9.0745209749203752
3,11.05150595821976,66.515994987690817,17.635799292305393
3,4.8977656592138885,418.68586019551657,14.71708301767571
2,4.4129085468188434,193.84865960751134,2.5191928439397331
4,6.5232158482648508,392.21904468360316,2.9174239034379941
3,19.513554908108691,107.93351456892375,3.3888569564506676
4,11.776427231624922,160.31204800136018,15.125267318973908
3,15.687463393289347,479.93127535094101,9.3780136375585634
2,19.327501067578559,432.76106982154823,16.950817667390602
4,1.4997323236892615,150.02910613549366,3.4107254927096542
2,0.91534137768453983,103.56336860152118,5.2232990875948682
3,4.8553702257831439,105.18461843262641,14.163751897478361
3,11.127135991643712,344.36528889665624,10.906777499665868
3,6.6730150518347573,334.09940466941305,9.5129940377143178
2,15.043186086715751,270.71398579083103,16.038530713896513
2,12.224517358571532,436.58113779340925,6.2905841778454299
2,4.4359422682020542,372.04254179822397,17.084000099023804
2,4.3197485824673194,50.360638206061275,16.804867853785339
3,10.455676545601186,213.89254797896953,16.11393977148176
3,3.6892374528987508,125.34677173259983,9.3149303529946756
2,12.088698275428591,368.79787820801039,15.893805513108989
4,19.858927437969914,224.83624900916416,13.622135492797073
4,14.710656476538002,50.08502935528989,12.047181476860857
2,1.5827315680602247,24.23660970490268,14.409175170776049
4,0.27731365537145813,20.265145702411022,5.4669375351941856
2,6.1349152988451134,238.03569224571609,7.9716646550091284
4,15.964669620601772,455.05783634961483,7.6539990071458739
2,14.876981626673127,435.75498738128459,10.426625021000683
2,3.3742204231090005,263.06627982438835,14.778740305816168
4,6.4352869272396376,446.68465291461189,17.442615291775489
2,6.3949882268882297,14.178232762114252,12.568089182753157
3,17.058227386818373,440.69225640999724,9.7311253816499956
4,1.3686695701296765,80.736629236832556,17.858993004010522
4,12.996811127754306,435.11560416552965,19.566531562044535
2,14.505431491185645,319.67680892892031,13.092596061105185
3,13.796785191538179,64.217854553935055,13.141333567510049
4,15.19384367167663,73.26474672801082,14.981537276404694
2,5.0613309466565637,144.7305114216779,19.485396709053497
3,16.948518779570477,343.87820602575232,4.1963122935017161
4,4.4318426421060426,149.4821469064253,14.471950026448793
3,3.5963103657571183,79.707931997118479,7.4436707205342456
4,6.9521338897534335,112.85712714905718,12.430495791337684
2,4.279515829067452,145.56347841655997,19.473742896445906
3,15.150598704419378,402.81062941197797,3.3769469761182309
4,8.8208825275399168,314.31600908484126,9.5299288013623702
4,3.463452096778644,255.98476396686621,14.093407680324002
4,17.508927927123814,313.79177924887824,16.343618092287151
4,0.1996875555253064,403.71864284561883,12.772291027369114
2,11.396173402385868,387.15934748163414,19.53751245771419
2,18.148241694154329,437.4538412957703,12.321583688408873
3,0.50848338776663105,152.00745484419514,12.414568389958966
2,7.9790980219743668,117.51138307969616,2.4973551363206261
3,13.303997513514009,7.1552407495469046,11.29272599485364
4,16.983394369940925,497.72938992722396,14.162834246718713
4,15.986217714839716,9.0283327778001947,10.610803873562627
2,13.638631065207827,111.80782369887821,7.5473446536564008
4,11.478234050552469,366.99219088395694,3.3590787199135304
2,13.131306428989074,446.67880048355028,13.901590173086893
4,8.4874143397842605,199.32021885147327,19.097056521613641
4,6.7887640403531329,468.93065537741899,13.430897418144577
2,7.2042738679816356,55.772479183865933,15.250075156451237
4,16.763641544041988,163.0857678424035,19.37000458192546
4,3.7894839904222097,246.43567565196926,14.398424575290839
4,3.4588882063789708,338.35211528388413,8.6240567446798337
2,2.6039620314743193,119.74657472211241,4.9045287635664128
2,8.5734271856832436,339.76774445724101,19.153319342598934
3,13.863500027853764,96.124203454760931,4.1415487100098041
3,10.11738696606708,73.068467235690207,4.2222378888270997
4,7.7596324718369321,403.57385408299689,15.167560625433717
4,11.546650003430736,113.66519150960501,15.351453269529832
3,12.024781914439417,12.740899581807152,6.9067737715815998
3,5.4602018582914971,240.3158076295237,19.560037858579324
2,11.724024150392051,141.84739098038867,3.0476074661349912
2,13.167489689387144,149.98023824299696,9.8431094018011862
2,1.3422568428061235,482.76892606297923,16.304252257712303
2,4.7289943530824941,5.2023064369346512,17.665914280184506
3,16.786415258788697,232.03136154079408,11.039362980536819
2,9.6983559474807031,6.7102327042772592,12.039718188363928
2,3.4976992493018972,145.78207542457713,7.7362997912505174
2,13.191264389637515,139.51491594291986,13.778921095551421
2,1.5747114464522858,154.38201308920142,9.1457836474970833
2,12.363185534422838,201.4819261159198,13.042360289507712
3,4.8071148920837388,329.49978128517967,16.501666160533979
3,6.2352334737010455,389.22481233683635,9.2511540275305286
3,6.0711546549904885,447.40716062831092,4.5973524807940018
2,14.170059242364978,404.64216070465841,13.548618674999391
2,4.2516700663844444,445.47014308416755,2.6010133617562303
2,7.7937980684422881,259.1034077383128,11.035058881638133
2,19.244881393036284,218.03931902071429,5.1260521212248378
4,17.03329348798529,464.09131421898087,19.377850822814672
2,15.843810008766042,172.87043327133659,17.601391688734942
3,6.691036627949698,406.31514876443669,17.793390219934935
3,12.144760774515923,424.85843222814538,5.4441365038250282
4,2.7866268450331999,370.93461182477631,12.728753804568553
4,18.227999060520901,449.50525436993001,14.053167034896633
2,12.690020442330287,29.339356128750069,5.8361044124868249
4,14.563571882696621,248.81581205353879,14.504714617740696
4,3.6891586909485792,92.252969319118634,19.843592471370282
4,16.005384743216162,62.534480850461165,2.6127075332276091
2,16.680716330502516,319.98416889458161,19.061358004371339
3,0.62548490270296342,313.11899321764656,5.273084323514758
2,8.0920308586638576,69.066039085884597,12.545080992647019
2,14.581259765932924,180.82215086595255,4.8040257463250429
2,12.106197034989577,221.33917674484624,3.7115678227094784
2,12.111386392317428,401.77739197471055,8.2145690825835658
4,16.700549226580442,153.27127843781898,3.0935613592590956
2,5.8372127850713262,150.881967344732,15.43610586479125
3,13.052520394815375,342.75689154991733,9.7427460605943317
3,3.7890590465576661,67.88488736743335,17.886871440283429
4,17.694500143497486,286.59779405528582,14.568488738764305
3,17.817936678332245,151.54381825194872,19.890320978076346
3,9.9689328530658656,196.36153695004134,10.940654696403376
2,10.655070091902775,494.07586524918486,17.590420749779057
2,12.565117027873693,48.047186829171693,3.0464853639930887
2,8.6320036503635365,452.13379149890216,2.4548139937477251
4,11.258414560583613,4.3379932196522093,16.711473537008963
3,0.58168654357161675,410.14344520407894,12.111807618342251
3,12.034804612414353,224.0280212015044,10.602284012642821
2,18.26666677289953,196.71130305934292,6.567338661554893
3,10.766716762802897,405.21581070740513,18.636700136883512
2,13.005004074892497,377.58716795481143,5.8711453945707275
3,5.829521681102702,419.27235732752473,9.5783457334983844
2,8.9756041061950871,324.45532052053852,6.3405915928727907
4,1.1156091192344246,251.06167432435868,5.3681733018570457
4,6.7969123305738499,392.6384988672279,4.7090166139924037
3,13.980712599112053,345.91633190676401,13.368452851366463
4,8.8161127869114804,310.19024053131704,15.225413954456064
4,17.681168121137269,184.81529885195908,8.8662009755457767
2,6.9459287482062031,5.6117775410468589,13.41722476548386
3,9.4655778209984192,199.16093801109164,12.723865487018537
2,4.097852932334809,315.35584377839973,8.6839898082818792
4,17.119873323067964,342.77352008166423,19.803872451094851
4,15.319175988118712,234.77080777975303,12.546788755127597
4,15.283408591190078,206.20480329087229,8.6286407488531616
2,4.5153816437886016,250.48217887546969,14.743292960684416
4,13.499197751981765,25.415438937682396,7.6621601226097722
4,13.902295368678075,396.95653430975813,7.3449971877713676
4,15.022240865520313,470.05566999784469,10.123243535926214
4,9.442663932890941,71.31800245089363,7.1000189180951656
2,15.326269378571897,215.23614144662216,19.057854561627774
2,5.2239905787743579,490.2414365160472,19.561646907386205
4,10.015553734272512,285.29029795215013,15.465356544342523
4,11.9299265797855,156.9006613720677,3.0589644923149444
4,5.1653582999321435,354.42367398851718,12.7527941003222
2,18.815826856911102,440.04960262218941,16.892165760925117
2,12.740663165571478,308.14559399529622,2.1079380419607916
4,3.6438300943206201,46.309881166699292,13.886219673737054
3,2.2306369348571806,257.87410361593317,5.242141027581944
2,2.2881393424645715,418.94822005133523,11.458438500509802
3,13.980769800944612,369.95111190246007,11.660158807253538
4,9.3983182634219133,438.37633330299349,12.477217642812626
4,9.4229882254372299,304.07762308794895,6.7740046096844617
3,12.053073575744905,400.18968861558926,19.571476239511501
4,17.837327112367994,298.91943922216046,17.804540246634065
2,14.998309712390562,414.78340370337634,11.52797753528132
3,11.938885688753281,421.29427190930312,8.9418072676946458
4,2.7245047794303412,268.79569714367193,7.3741481729662741
4,3.6906035541047362,199.34834595739298,18.115418212542039
2,4.807719460133332,83.524161522986446,12.460977805993044
3,11.701509687910558,181.83311781931346,4.4916028112599644
3,16.133064793484781,210.49960246798562,15.205472459646627
2,12.445915067776067,462.363602808846,18.022606697875357
3,14.012677107943537,276.60383017575543,15.700655501196465
3,9.0707684164265032,310.11937200563,8.3462707504379896
3,4.9459865246647903,179.88800102839619,15.594798233171366
4,0.022046091045274441,263.21630494818851,15.55174151135224
3,17.558733652140354,240.91228807387512,2.4617236743037232
2,13.186821282462599,272.63235872268319,6.7539098769211723
4,11.340963855078893,189.48780777374645,9.9770691208434616
3,4.6671864691503284,35.074675239191706,2.0024028234194979
2,13.493028503606574,433.25150289258522,7.6883281644845045
2,11.840526020080095,93.020487154377861,16.231793730627651
3,10.861871303460502,386.77493151592785,2.945863575183723
2,14.355613726356818,369.99747197609281,3.7104140788830882
2,16.472895544242533,498.88530210539943,11.549809476151042
4,15.198139173536626,378.12724075192921,8.6432714362830261
4,12.376261443074913,195.65184400214434,13.539517185436337
4,18.10656492510185,425.91740466929849,16.177529968403991
4,11.144310930345352,60.84515785837786,6.4844525272419924
2,13.623734439547981,352.61813707305959,18.309072328875342
2,14.508968607759554,305.88476537069528,2.1890570699186331
3,14.333862519978481,230.68433195850082,6.0164201548399499
2,3.6967037355977594,262.49210478853996,9.3729865156919629
2,19.881921922733039,386.54388435489676,7.1503166990123308
4,6.6470733409035363,434.04101414328488,17.383689422804714
2,11.383809880997898,192.31674829140155,11.633187209085182
4,6.1666134307936824,56.798283735661897,5.9151708297036452
4,9.9978597601865697,350.72473639190417,6.7032033944051737
3,4.369162677027826,312.927820167005,15.603447686696168
4,9.5088600132189978,385.25605429208656,19.946161535543464
4,4.8298473119874705,381.09431433542369,3.8770772767612138
4,19.050406459276754,4.5340266099823765,9.3218684230567277
3,4.3868738153888254,254.70538099981167,14.00018469803044
4,2.9134866143173941,174.23817081108604,17.15372558923146
3,3.4398093649371568,321.89991246997374,8.1858397825555116
4,18.723860429005633,298.05575744158392,17.232151545226646
3,2.8262568557757217,22.474375563894576,10.165883685539423
4,5.9753178274144041,179.16813384702806,12.03772041203348
3,18.646155353005117,148.32544892482713,16.60952286450636
2,1.0251407423173733,238.51140320231738,7.8015303685336983
2,12.702909034072844,444.80339155756093,13.181668685368109
3,11.26095438900448,71.510399957890812,15.510515321749502
2,8.47722869761159,419.56801895032083,8.4690019294940875
2,3.1281364723705392,364.74227829125817,10.044964682331758
4,19.8198546934034,307.44580077354135,10.696649632741067
2,2.7492131398754256,150.63104715693325,7.6163443967776114
2,6.6105673120406303,95.120336671881532,8.7499439952661966
3,9.7765259583371353,351.79454430555671,5.9926211656968214
4,19.936533011466512,332.75809294206931,7.9496507849309825
2,12.151583187352673,291.46574590889077,7.9324936661554935
2,15.042439939008299,457.20137281213022,8.605022724999591
2,18.772131138840752,80.201262412686489,17.934225320785412
2,12.345515486013849,276.96933586940605,2.8506064558637361
2,2.6901292161504409,325.04339601148081,2.1568435384690963
3,10.64788788121561,476.29048976874464,2.5134155585027371
3,19.698371961572381,263.43895367506843,6.2657990075022907
2,16.475736096722883,192.41444053706456,16.742075831974894
2,19.348877491126245,414.5998339702374,8.4587433601071798
4,14.303746863409758,76.838333195465779,17.187176582956305
3,18.752834330663472,472.16488652497759,8.3089217107318909
4,3.5116631554028315,13.066321384658256,5.8038864302467026
4,13.946287163508257,381.20892708246078,19.223749097075196
2,14.3442681126037,102.85421325958065,8.1474411357880747
2,6.160644025616647,48.603463474942117,15.622782440680442
4,2.2267066790846672,106.47888440009154,5.2619640441899946
4,1.7906843227290943,400.78530269711524,19.948967494978088
3,7.152046490065775,111.13396338705624,13.82681526515019
4,12.111445196024814,426.48523972671723,17.747267129713329
3,15.039208519756427,99.439788656048378,12.243005919383375
2,12.873658916388479,189.63519352936893,9.1531153317322556
2,4.9519851361177789,200.35456828789532,14.932251727642608
2,14.329473410886466,386.49041922133904,10.801130709611407
4,18.532253987403703,289.81915735165546,19.660793933859463
2,13.338490907726106,0.41715381686443176,2.3997512014581597
2,6.8554919524376707,6.3311154983616973,16.654094514741608
4,1.02352157282807,58.176863034338162,12.027332652372928
4,1.9831927316185052,288.00600780546949,2.6110347149013702
3,3.5993428824466389,353.89563201642392,17.259942801324623
3,5.0332563300771902,348.47849018335268,15.607442417930553
3,1.3978830452067235,355.50851973495844,3.1408826760672417
2,0.0020894035706712881,377.91514530680848,6.3144981750820293
3,4.7959352400134945,132.08947267014975,2.9996180194428277
3,18.829999472401106,395.02831613413446,10.672733590320094
4,0.48481402941272317,206.73480849095381,5.3093470685693189
2,3.579487141025945,11.009480576500986,3.308241773074605
3,18.446056283286797,71.698830030718284,3.5205077461528163
4,11.334383949327462,424.7759086660929,9.5130902368170638
2,8.2270764690949942,311.85540198900526,14.734684251590952
3,12.116147108430111,402.11128462204306,12.236983136384275
3,13.843276525774634,98.714217356738729,5.2346401294854656
2,0.0019990559676657691,339.95334121396451,5.4490081916791429
3,17.4973394523828,444.60440494334529,18.784419780962363
4,5.4976326811581995,467.81180564677891,2.4686301948822242
3,3.3203054048681189,109.32349046195088,16.396550984306518
3,11.147976252784941,100.92201391277929,9.0663619549322689
2,9.7151329320460249,55.979722438370686,14.643020781056499
2,8.0456768572543176,92.273496832825941,14.263805695000945
4,14.870011245305655,6.9749963036621905,10.235463523415598
3,10.452487333888413,373.86551656474614,4.0785285327949232
4,9.8387227718898664,485.34067882473613,6.3484042642397824
2,16.993104869962252,77.838736389688563,10.483130053842036
4,11.398235872107668,253.75756283931321,16.520911052134313
3,14.620546481861057,188.11801596922709,9.1817982127805244
4,13.803259196599599,284.43293123712431,18.71391088455632
2,5.4209516408950797,248.35571309009367,6.1209165873569047
4,19.024302148737153,36.155345633698325,7.8641863604375102
3,9.2744325796488827,384.70915396917104,13.043027354890029
2,10.873746606928179,376.48056604735581,2.3194480847192223
2,19.192928168546842,388.59321916876041,5.1044444968478961
4,18.059765751501434,262.07463711596773,8.7833362905231009
4,1.9069435921995637,250.02385245171556,7.4319736153967551
4,17.30069862552951,321.04498186197367,12.90836555087397
3,10.184608022768334,317.67596668455559,8.4789944237465953
3,1.2415897479474496,184.97234381966868,13.886572778172127
4,8.0786590781429126,450.57815869831398,15.216076732248103
2,4.1609882117067407,343.22185387984939,3.0691337106140022
2,10.13331578585008,265.96031955720872,19.823268728248436
4,17.784322070788743,27.5260936597018,6.7180209898939456
2,15.452798565594852,379.63729881664608,4.3069236093698642
2,5.5341457880726761,309.70650343676397,10.539317420934941
3,16.409594563958045,401.39591107209952,11.398785995970847
4,16.121753070560171,457.59642261899842,13.630698470226815
4,2.6902649377893031,382.07023562028547,18.36020252497876
4,8.8153382897448438,484.76589353977045,18.573418025194396
4,1.6087504018138863,456.7000821496826,11.298104829759385
4,5.571539022760251,21.408888288498336,13.490676732496674
2,5.7672269576076545,244.5869127961746,11.80076115103474
2,16.142294023252227,88.391220005411284,5.2844467141127431
4,3.7735877017367576,67.212577242037554,7.104285449303819
4,14.732414779594361,192.38001606072299,13.913477572572173
4,4.1869338900721322,244.9472610582352,13.830197807322349
2,1.4918159793558605,323.77912584868216,11.207652996856558
3,7.7696137166440549,97.443390915842443,10.318560412301943
2,15.318371092583225,396.57382615682377,9.7866638385628644
3,18.53037890909723,1.9581299284278089,16.770429455102622
3,6.8522747544815177,154.54496427185131,17.739722612192725
3,2.300078292517028,435.39655834222054,9.5584180772110905
3,7.1181155401832026,354.19709647735448,19.661617816268286
2,18.214690032515065,357.38441201736424,4.1532599302722417
3,9.9615268921300419,84.561900740751028,10.347166992885604
4,16.399935808218984,343.02821841231929,11.909606810617078
4,5.9123942469770068,240.25272356358019,17.390897591314697
4,17.15568792873793,391.17545745855921,19.49288621614356
3,4.0375773348089199,489.05665333804524,4.7062154909159126
4,9.6045885931721831,108.01213612221747,14.958985019921784
2,2.5440842763260401,460.61080529382951,19.488964642160092
4,13.384852573920439,480.43024702017675,5.2818200519689453
2,15.947911933040206,413.89646516828634,14.884043001981473
2,16.790470926459168,436.12152498034834,16.200932409707889
4,13.849340590578196,146.68264619385945,12.628444887059016
2,2.171969535840661,107.29972184975618,15.911304638679747
2,19.695462798557926,41.081384076309106,18.373598138975723
3,14.814560178115293,207.82283959343232,15.624741685401993
4,13.494008692677138,345.10244561596886,6.92492483319944
3,2.8492169654226007,169.73844644135724,12.586496236075877
4,0.3589961027535592,341.18747447672649,14.163807092310769
3,14.653834446637815,174.88861604355677,14.706914386109876
4,3.5978544613336467,228.49829086498278,15.3478844395596
2,14.097581493713697,451.30412115310509,4.4611119285510448
4,5.3714738252439878,459.01452189265495,7.6545001946643456
4,18.287066276318889,268.07265228967771,19.894413174080853
3,12.285966459794885,255.95724431609608,15.442587942556752
3,6.9756846441774094,8.2953672429059484,17.128541054729624
4,10.490525807482436,356.68115893224308,10.648574271541356
3,3.1651535738097287,418.40287550278146,5.4966287089030388
4,19.119927240125801,215.42811985846055,9.2147766012767214
3,16.583350876617875,409.45458291538739,9.3143021209697707
3,14.313515906368156,181.54595824030505,10.745125213053601
3,15.659437903975807,204.3213030343509,3.0130435400703193
4,11.3657832571146,117.9800581270736,16.07012990213471
3,17.297608692803237,22.732498600488761,4.343743222925692
3,0.54221942114747101,327.04528063863762,7.4011409689677601
2,0.10363266808149994,43.856311144240344,5.3487704449094693
4,19.188492400193816,24.794251436737483,9.8114203008876277
4,16.15209727368881,207.47197219518571,19.331720641502983
2,13.118882371633724,226.40050120018446,6.0760521740075442
4,11.988636028016282,325.14307174139799,8.4658432763376474
2,3.8649475313094199,454.32896793555886,16.650707345758896
4,19.465969688941712,113.8140510832025,15.419235993837583
4,11.943370472613427,305.68833034750463,9.3356534183657054
3,2.1450595195149349,300.38361218775788,3.7053214272974628
2,9.7787623339233747,291.46365625386295,6.6681437122952865
4,3.8871059305440196,264.73436633345409,16.057818789062004
2,14.263520638581141,174.78431583139314,5.5998624160885164
2,13.72260605624067,395.99968092329783,4.3989420032123761
4,6.3266387238756936,295.42580446946704,9.9738458599773452
3,7.5385773775813067,21.749625225434837,3.6542418997987367
3,18.390979160736769,429.66886257271699,18.004637347536459
4,8.7778451148317398,231.071124426588,6.0459765559276457
4,16.759804597478269,50.896745431654502,17.177616913419968
4,7.605463791454893,125.74857455945973,18.426534350228746
4,7.5421309692515672,14.880005277171733,5.1769529633116687
3,5.9697239408128544,328.75683104095833,16.978134993919234
3,15.514387979877363,257.9694449705861,8.9286183430480861
3,8.5316393377872366,281.5587547521846,7.6876803188061711
4,18.096858550839524,347.54159899779671,6.7395568148882861
3,19.372461614838087,324.05901459234718,18.554897128862748
4,7.3832104762006603,240.46183761230756,17.915771001910684
4,14.212999983789864,447.26818890649275,10.512234251253416
2,15.187930257612807,88.595992461124425,3.182430588259562
2,5.3820403410969488,398.80032041054238,6.9314650394634647
3,1.0635966719424337,396.73163341206106,15.268259234385685
4,16.699606569809657,257.19046977217795,5.6081165958233719
4,2.0291548697413666,100.14739357873211,8.3807795990168952
4,0.05157518202977962,170.60210936265165,13.147474091103057
3,8.4504270034145694,158.16615971651217,12.751268795109944
4,4.4051240405091665,422.99372093891435,11.196841531990486
2,6.402838354186545,312.60547033166768,18.565035116190572
2,10.155195533370225,459.28323383409679,8.2391977879401281
4,16.342930028374742,390.62467235635251,10.239258555806828
2,4.5854601471617169,195.71733367429923,17.164174302091904
2,10.958679528422039,63.170854730145471,9.6519961839783921
4,1.573717846336643,236.89608449903136,2.4497183079131499
4,12.230695193740864,32.353030067101599,11.265548159957653
3,4.0061442852048872,281.6750359636149,6.0438598571549447
4,6.7454971963285928,289.28446736619082,2.1455488485030592
4,3.580627685217479,490.23763625427966,17.262290924443999
4,10.214176387625828,241.56367068251765,18.582073798674191
2,14.685409522934542,441.94629902110728,12.492115319004336
4,14.74718251020982,397.41122741131636,12.457967671778968
4,6.7996829221023631,56.771794360490425,7.8877214034496443
3,10.535630737680769,308.64520501747973,16.398586236126064
2,18.108535911007102,254.07640740930864,11.438455817028162
4,1.2116980372051234,125.22278266270776,6.2950956366467734
3,17.156234298439806,120.74634694529061,15.818711941977362
4,7.4103657563265255,150.43166449779258,12.979467718386774
4,15.154184529163961,409.4845414671509,9.4407837826017218
3,4.1617590487756582,167.10831931191882,5.2228163151176723
2,1.2156965868620653,305.31338476823333,16.474080789123697
4,3.282037211247737,29.985236017957906,18.627023137466526
2,16.538464974862737,49.520812951736531,12.666918074091392
4,10.046185082777491,155.81715603164264,13.48189125744714
4,4.375893289398352,140.9628729526712,7.8682057596129393
2,3.4776657184016262,228.19322940343676,10.769837008216342
3,13.983695969909288,99.454156635074952,2.9363803653681559
2,0.96231202639747038,339.45569155712411,10.345088021059096
4,7.4173170548944345,71.193540269133422,3.7939269197145133
2,12.59351139543276,478.65057595942659,8.4882854029947357
2,0.88222594041480962,189.2845137926212,12.973639253048988
2,4.934652599009989,417.65578902217368,3.4704594442017651
2,1.8281058509964989,124.37594245391709,15.912733627442613
3,4.0916945524940704,227.75859419617737,17.792935585506697
2,19.952183067776346,408.52050292702415,2.1473370018169922
3,15.861298132623219,20.942874961040388,19.528380927410154
3,3.3744824507154907,373.16372938135811,11.460789649496224
4,8.86452025215352,149.79694860512248,6.9433474265706483
4,3.5711700299620492,16.367339303888073,5.0913804960862645
3,12.650790024851817,45.698692112089454,4.0850598039501627
4,3.6674592661054151,474.69713584272989,10.451435915404668
2,5.1238628221321214,419.06128936403491,7.8712522880506013
2,11.1210148367663,272.40903827939604,15.633429025129148
4,13.996870757079158,135.17035573496034,13.094078149224668
4,4.0307746846372146,130.75311744155042,4.4352142449632357
4,2.4603743303848309,287.7842694464066,12.447797087229693
3,13.018536089462478,63.401389896590914,5.1377597121232004
4,17.760188094228592,387.032492499348,14.783651715509432
3,8.2975597438856781,427.16538716441272,15.271834602240396
2,6.6163020239287533,4.7029042638386152,3.5016306440819198
2,17.88118962099831,228.84900296518998,11.54694209412995
2,14.697709733013859,110.18706909855226,16.906532217239278
3,8.656874461405387,402.22682100824397,10.142504680036803
4,18.863401133037826,429.57107416799806,12.837567495572179
2,14.295619723524721,162.01733199973467,2.9107611034581256
3,3.865387562599679,139.21911532022949,14.804162735493929
3,5.4946320715801011,207.03067616886955,4.3246773268676719
3,11.946222359289518,3.9798144735301917,15.994706838389256
2,9.8400088538602031,25.72017071103685,12.040729054268787
2,15.27345632914149,24.513097025692971,19.698381589585161
3,7.1278714701197448,453.39495756355814,9.5258637459603435
2,19.53357864149547,21.405690359606265,11.55576346048888
3,0.98521998198014682,464.80592850819505,19.756655740438337
4,12.98621990391343,484.94812682501419,2.8340317284846828
4,15.752901237342927,475.27740056406589,19.541766089173855
2,8.8212680485198582,476.3022868318028,9.6512521559611208
2,19.907671520443479,205.88110233930922,10.772732603723524
2,9.6080232083834822,51.151582529373279,9.3673125623573146
2,5.0141226151092546,308.96980353117448,14.797566144167243
3,10.186235583474037,1.5362862039060734,13.53304024577748
3,16.836683310957945,353.41018175399404,11.537290617608136
2,8.8824685518082553,191.22375603356573,16.316035621015374
2,7.4879852437823944,264.19980626748867,16.621181756547273
2,17.061053112643329,127.99160491115954,7.5765347069020086
4,2.099207445093993,34.488242368441192,7.1800215100776503
4,19.871711460813746,96.363047415559663,4.6545648792081344
3,16.934414253073939,417.50878534163758,4.5255885284978845
2,0.50998162501956412,281.52929259535358,7.8615434038739389
2,7.2595538046488333,283.01986832312303,9.7373686422302228
3,19.798638317640236,392.85511448646673,9.7727302656381987
3,7.9955406896749235,26.309284160989002,8.4850001747184436
2,14.576262000285212,80.885969838540063,18.217822748337792
4,14.527312784701266,13.649311854340747,16.543436092577611
3,15.07383113497581,146.99713846063108,4.9126198817568927
3,18.157365256062413,270.94646602447449,12.70116104031967
4,14.94821995261508,368.31859004139835,13.899541728151748
4,0.71728393468879359,384.77725786379415,18.249425004352545
3,2.4570133269098648,375.57463435250082,12.183664249341779
4,13.961352209542577,211.16464455200577,3.5905154801860988
2,15.893247628534795,445.3223196069348,3.160122815128473
2,16.748884868225495,462.69950664727929,5.2618959496085971
4,9.5308668210780549,131.96654647214643,18.622876065141931
2,10.663451901945962,15.902900144412602,12.081538177133323
3,3.2097127303526332,141.0464759175882,4.4523468885814523
4,17.762690017820656,438.27823779465547,7.1243341318910636
4,2.0723633291536774,255.2618271462907,8.6790385174933071
3,18.121680802722313,277.23128384781597,17.342754688739198
4,18.941691210000634,325.104162015535,2.9234358234905802
2,9.0844686278535374,66.605708360022732,17.917054648472487
2,1.3043036876732033,35.80196808828132,10.052395750792881
4,5.2797345655410242,412.47107620000423,16.449596964963526
4,16.253017502023383,111.62891267409032,7.2968712836955074
4,11.980931233605803,87.781080318512892,14.118208876866012
2,15.474152693280089,352.1078989618029,15.588482636766733
4,18.169843833041305,14.13254813017908,2.926511261112295
2,10.204443861825599,152.19964257078229,2.6981367369639391
4,5.1221513865153074,199.95882906949092,9.4894461536265204
2,3.4641592220702018,53.101133347070373,18.946933911622938
4,16.080258961804333,22.809276135083881,14.798144084773094
4,3.4268407725854031,372.82162107192983,2.4674728133098562
3,5.9338134741102415,240.07648427042946,18.756960791888162
3,9.0798288719168987,117.09625768340018,3.3249038566485529
2,3.1198448236658449,380.79878379628008,5.0657335068405303
3,13.013802009175439,74.259205290237063,4.6806792685206418
2,15.405006816333628,298.73905298241374,16.661485115374198
4,5.1945783408333446,131.95435965059062,11.249215309158533
2,12.787965253362417,183.30033155311844,10.232206877429133
3,15.023674757696536,72.541315142317359,9.2678094894009693
2,12.447890533342907,292.40484735574802,18.137702290032852
2,16.294333318385451,471.50205260678291,3.2599338392074841
3,3.281844548546637,449.03318558308905,16.427003419225571
4,14.632882966954671,371.6006401794034,19.710541828400707
4,16.558227984494636,353.44338503360905,13.627001355228481
3,1.0461138938768366,50.905359699812422,4.3896970909040878
2,5.3196752282416799,194.53902644782281,6.2270303080915612
4,18.67634504040533,333.27735230944927,16.128569536902276
2,2.1669833372193312,12.223716132446992,17.983893369317006
3,14.985855526749909,181.84595214288959,12.257035959631688
2,0.77657192981642298,296.11061061551356,10.317174137717659
4,17.25350689015049,492.25756898161842,15.426627466188105
4,9.713026578404488,170.94258110548492,3.1505830358483751
2,8.3849396036867709,141.99797908868547,4.1612435673183032
2,5.3643177660947288,452.21736885244832,17.023458911582576
4,3.2117300309295436,488.6657458211601,2.1868405845886287
3,5.1721982309465284,228.39168795775237,4.8475822139752944
4,5.489602911048383,93.903149754695207,10.288565377839172
2,12.17544383005027,317.11129137180336,8.8210670923912282
4,3.7432423344548988,316.84787958713616,11.443239955903607
3,17.678467537126721,50.097412220247747,19.539458685340108
4,3.851843981003316,448.54471806834675,8.8787566893169458
4,0.69468867997391548,390.81610803996028,18.067801794068796
4,9.6246997125561826,58.201723293495242,9.0690821758793128
3,2.0366337811744928,242.59900499256281,15.013168760115825
4,6.4363765932788963,404.53508096026957,2.7598051730356206
3,6.0496943751581451,430.33408207368763,6.4970268488382112
4,7.6502879278968496,459.73010405885526,8.6189210184937899
2,16.455963466528786,384.4495487326987,17.968359816804696
2,12.637223141564625,345.23350691666525,14.223826942138293
3,8.0149144250969009,166.6685650901257,9.1486449107288585
4,12.411908084718469,173.47949658216885,8.116366034427827
4,11.72238148363418,451.63988599164406,9.6162990162224986
3,18.962116529681772,407.3128590394337,9.459987527439365
3,18.167032160874005,332.73819523525339,13.910503480541752
2,11.534887436560767,171.32865692085059,2.7465272744868541
2,6.3844061393218148,67.849589543347051,14.529852381222812
3,17.021285471050668,418.62279871414546,12.561607591138038
3,15.71889738352918,187.70812437297224,13.176068115595761
3,8.6598589497897116,156.23422789212046,13.83205458327758
4,11.769916988802102,424.87076992395833,12.909084030850364
2,13.307089141247371,306.17992361363952,18.775142279814528
2,16.112263172917189,470.17868048054106,12.550982112321529
4,8.191744195386649,466.11729658493647,3.2025333089765784
4,13.204392070511538,155.43822718571789,18.210235172980575
4,7.5958287285621404,77.336023597668856,12.315749816743541
2,13.451484410768135,477.46229450100208,9.5162124203127867
2,1.0719411918297137,402.89027704991884,15.567909607462543
3,18.641637842469681,250.18045969781488,12.187501082284143
2,7.6733144222168779,134.88735497691079,3.8639034898317899
3,16.002448748798319,328.90302633349927,15.433889136386052
3,7.5989389827470006,384.18707572118711,3.1585392556891492
4,18.58563015171589,217.14899722353977,6.4350680971681458
2,7.866142405134692,156.3850774692302,15.103892912670918
3,14.862281565955971,259.15697555018448,7.4463705902203783
3,11.79864250672918,494.61526493291154,19.955278187969363
2,10.012127473024711,345.66097815784667,2.8661563614691405
4,17.643254947682497,254.64764249261822,15.065385443654556
3,7.1969959080205284,497.75565252534841,12.053071767116466
4,16.256770378098253,188.49361743242181,2.4402147216909635
2,3.4701339730388177,63.542121585245305,18.287749395839754
2,9.1549265241040505,171.25226541946282,10.525696576817751
3,19.372268775185695,243.03261364951388,7.368953865658936
2,11.190578337381861,1.2529094243668528,4.0753530320130995
4,2.7564504755458099,191.5785624606435,14.99237393727171
2,14.479929476268556,104.36769114079313,5.8802601191588959
2,5.9379763835752275,489.22696872112664,17.75587865512626
3,0.35619548538522583,164.43807173726989,9.5841807786301612
3,4.338409884059061,391.37303451605749,13.037280009611175
4,1.1084876680320537,258.80591536816485,11.036705338878885
4,18.599380635935525,494.75870420912219,16.743499137807405
2,0.092702023728146232,451.07281997384166,8.5118708128630516
2,10.35480314416569,329.41109981826094,16.844767238406821
4,6.6844548129869885,140.80104680769196,17.954973087625099
3,15.239109888318511,92.997324230613799,2.2170203813430946
3,18.064406289749037,211.91279530148617,6.2606227548143929
2,10.623624087601724,281.25100805482407,19.484925587421714
2,10.059355520670934,189.70589790945218,15.932941909848219
3,3.6521237826217541,31.110363095584493,15.38741170958961
2,17.924267443793017,329.0731957317671,10.395223897134525
4,3.0598055492433747,153.79665333488802,14.972693580655704
4,10.44046842979289,323.82248822777649,19.444147192614221
4,6.4737257764086706,97.728102513462346,2.5838819754234899
2,7.1048468105051885,279.00860401755602,12.713878030289839
4,7.0686131376161301,54.525097857473924,16.519508860315899
2,0.75048860197443923,336.54833460997247,15.24295243306223
2,8.9160101250354256,284.55428675960479,2.1403124724236839
2,7.3174286574672109,100.58615128536995,3.852007515659559
2,9.03978378932913,291.15368136724163,17.117218612282173
2,12.990934771015743,466.01741154027047,14.766887263752
4,14.203639353720304,14.165449428449129,4.8335075820020901
4,1.9660314647322665,77.270693880166249,8.7878735823500307
4,2.6164967672044863,386.52916014498527,16.241404043622971
3,17.035561062877793,416.86959467682505,13.781998402337544
2,9.3532217989457873,489.9693720461658,16.948495276713974
4,12.739004256547897,111.11349501233245,19.442384201773621
3,11.721855444704115,230.61147855157569,15.936320587963015
3,0.25408788596004617,261.37748326239057,18.969002875950654
3,11.850974695687636,483.29276055250915,9.2513578167424342
4,7.6360171510074366,463.50642454973723,7.4891866675993359
3,5.2640031395778077,302.51917210524863,17.830120624895265
4,8.0192502532243957,488.47514856070057,12.865586948984109
3,18.828263151845086,165.46982650899787,3.8494689221724259
4,2.5649084255867209,210.39772090054942,7.5618263192297084
